要素ID,項目名,コンテキストID,相対年度,連結・個別,期間・時点,ユニットID,単位,値
jpcrp_cor:OperatingRevenue1SummaryOfBusinessResults,営業収益、経営指標等,Prior4YearDuration,四期前,その他,期間,JPY,円,238840000000
jpcrp_cor:OperatingRevenue1SummaryOfBusinessResults,営業収益、経営指標等,Prior3YearDuration,三期前,その他,期間,JPY,円,239138000000
jpcrp_cor:OperatingRevenue1SummaryOfBusinessResults,営業収益、経営指標等,Prior2YearDuration,前々期,その他,期間,JPY,円,257443000000
jpcrp_cor:OperatingRevenue1SummaryOfBusinessResults,営業収益、経営指標等,Prior1YearDuration,前期,その他,期間,JPY,円,271217000000
jpcrp_cor:OrdinaryIncomeLossSummaryOfBusinessResults,経常利益又は経常損失（△）、経営指標等,Prior4YearDuration,四期前,その他,期間,JPY,円,22394000000
jpcrp_cor:OrdinaryIncomeLossSummaryOfBusinessResults,経常利益又は経常損失（△）、経営指標等,Prior3YearDuration,三期前,その他,期間,JPY,円,41579000000
jpcrp_cor:OrdinaryIncomeLossSummaryOfBusinessResults,経常利益又は経常損失（△）、経営指標等,Prior2YearDuration,前々期,その他,期間,JPY,円,48965000000
jpcrp_cor:OrdinaryIncomeLossSummaryOfBusinessResults,経常利益又は経常損失（△）、経営指標等,Prior1YearDuration,前期,その他,期間,JPY,円,47074000000
jpcrp_cor:ProfitLossAttributableToOwnersOfParentSummaryOfBusinessResults,親会社株主に帰属する当期純利益又は親会社株主に帰属する当期純損失（△）、経営指標等,Prior4YearDuration,四期前,その他,期間,JPY,円,15923000000
jpcrp_cor:ProfitLossAttributableToOwnersOfParentSummaryOfBusinessResults,親会社株主に帰属する当期純利益又は親会社株主に帰属する当期純損失（△）、経営指標等,Prior3YearDuration,三期前,その他,期間,JPY,円,28844000000
jpcrp_cor:ProfitLossAttributableToOwnersOfParentSummaryOfBusinessResults,親会社株主に帰属する当期純利益又は親会社株主に帰属する当期純損失（△）、経営指標等,Prior2YearDuration,前々期,その他,期間,JPY,円,33883000000
jpcrp_cor:ProfitLossAttributableToOwnersOfParentSummaryOfBusinessResults,親会社株主に帰属する当期純利益又は親会社株主に帰属する当期純損失（△）、経営指標等,Prior1YearDuration,前期,その他,期間,JPY,円,33105000000
jpcrp_cor:ComprehensiveIncomeSummaryOfBusinessResults,包括利益、経営指標等,Prior4YearDuration,四期前,その他,期間,JPY,円,14463000000
jpcrp_cor:ComprehensiveIncomeSummaryOfBusinessResults,包括利益、経営指標等,Prior3YearDuration,三期前,その他,期間,JPY,円,29400000000
jpcrp_cor:ComprehensiveIncomeSummaryOfBusinessResults,包括利益、経営指標等,Prior2YearDuration,前々期,その他,期間,JPY,円,34146000000
jpcrp_cor:ComprehensiveIncomeSummaryOfBusinessResults,包括利益、経営指標等,Prior1YearDuration,前期,その他,期間,JPY,円,35215000000
jpcrp_cor:NetAssetsSummaryOfBusinessResults,純資産額、経営指標等,Prior4YearInstant,四期前時点,その他,時点,JPY,円,226895000000
jpcrp_cor:NetAssetsSummaryOfBusinessResults,純資産額、経営指標等,Prior3YearInstant,三期前時点,その他,時点,JPY,円,250449000000
jpcrp_cor:NetAssetsSummaryOfBusinessResults,純資産額、経営指標等,Prior2YearInstant,前々期末,その他,時点,JPY,円,276290000000
jpcrp_cor:NetAssetsSummaryOfBusinessResults,純資産額、経営指標等,Prior1YearInstant,前期末,その他,時点,JPY,円,304774000000
jpcrp_cor:TotalAssetsSummaryOfBusinessResults,総資産額、経営指標等,Prior4YearInstant,四期前時点,その他,時点,JPY,円,2028687000000
jpcrp_cor:TotalAssetsSummaryOfBusinessResults,総資産額、経営指標等,Prior3YearInstant,三期前時点,その他,時点,JPY,円,2063386000000
jpcrp_cor:TotalAssetsSummaryOfBusinessResults,総資産額、経営指標等,Prior2YearInstant,前々期末,その他,時点,JPY,円,2283512000000
jpcrp_cor:TotalAssetsSummaryOfBusinessResults,総資産額、経営指標等,Prior1YearInstant,前期末,その他,時点,JPY,円,2906458000000
jpcrp_cor:NetAssetsPerShareSummaryOfBusinessResults,１株当たり純資産額、経営指標等,Prior4YearInstant,四期前時点,その他,時点,JPYPerShares,,1180518.64
jpcrp_cor:NetAssetsPerShareSummaryOfBusinessResults,１株当たり純資産額、経営指標等,Prior3YearInstant,三期前時点,その他,時点,JPYPerShares,,1305040.22
jpcrp_cor:NetAssetsPerShareSummaryOfBusinessResults,１株当たり純資産額、経営指標等,Prior2YearInstant,前々期末,その他,時点,JPYPerShares,,1440537.49
jpcrp_cor:NetAssetsPerShareSummaryOfBusinessResults,１株当たり純資産額、経営指標等,Prior1YearInstant,前期末,その他,時点,JPYPerShares,,1586481.08
jpcrp_cor:BasicEarningsLossPerShareSummaryOfBusinessResults,１株当たり当期純利益又は当期純損失（△）、経営指標等,Prior4YearDuration,四期前,その他,期間,JPYPerShares,,84922.83
jpcrp_cor:BasicEarningsLossPerShareSummaryOfBusinessResults,１株当たり当期純利益又は当期純損失（△）、経営指標等,Prior3YearDuration,三期前,その他,期間,JPYPerShares,,153837.19
jpcrp_cor:BasicEarningsLossPerShareSummaryOfBusinessResults,１株当たり当期純利益又は当期純損失（△）、経営指標等,Prior2YearDuration,前々期,その他,期間,JPYPerShares,,180714.08
jpcrp_cor:BasicEarningsLossPerShareSummaryOfBusinessResults,１株当たり当期純利益又は当期純損失（△）、経営指標等,Prior1YearDuration,前期,その他,期間,JPYPerShares,,176561.87
jpcrp_cor:DilutedEarningsPerShareSummaryOfBusinessResults,潜在株式調整後１株当たり当期純利益、経営指標等,Prior4YearDuration,四期前,その他,期間,JPYPerShares,,－
jpcrp_cor:DilutedEarningsPerShareSummaryOfBusinessResults,潜在株式調整後１株当たり当期純利益、経営指標等,Prior3YearDuration,三期前,その他,期間,JPYPerShares,,－
jpcrp_cor:DilutedEarningsPerShareSummaryOfBusinessResults,潜在株式調整後１株当たり当期純利益、経営指標等,Prior2YearDuration,前々期,その他,期間,JPYPerShares,,－
jpcrp_cor:DilutedEarningsPerShareSummaryOfBusinessResults,潜在株式調整後１株当たり当期純利益、経営指標等,Prior1YearDuration,前期,その他,期間,JPYPerShares,,－
jpcrp_cor:EquityToAssetRatioSummaryOfBusinessResults,自己資本比率、経営指標等,Prior4YearInstant,四期前時点,その他,時点,pure,,0.1091
jpcrp_cor:EquityToAssetRatioSummaryOfBusinessResults,自己資本比率、経営指標等,Prior3YearInstant,三期前時点,その他,時点,pure,,0.1186
jpcrp_cor:EquityToAssetRatioSummaryOfBusinessResults,自己資本比率、経営指標等,Prior2YearInstant,前々期末,その他,時点,pure,,0.1183
jpcrp_cor:EquityToAssetRatioSummaryOfBusinessResults,自己資本比率、経営指標等,Prior1YearInstant,前期末,その他,時点,pure,,0.1023
jpcrp_cor:RateOfReturnOnEquitySummaryOfBusinessResults,自己資本利益率、経営指標等,Prior4YearDuration,四期前,その他,期間,pure,,0.0736
jpcrp_cor:RateOfReturnOnEquitySummaryOfBusinessResults,自己資本利益率、経営指標等,Prior3YearDuration,三期前,その他,期間,pure,,0.1238
jpcrp_cor:RateOfReturnOnEquitySummaryOfBusinessResults,自己資本利益率、経営指標等,Prior2YearDuration,前々期,その他,期間,pure,,0.1316
jpcrp_cor:RateOfReturnOnEquitySummaryOfBusinessResults,自己資本利益率、経営指標等,Prior1YearDuration,前期,その他,期間,pure,,0.1167
jpcrp_cor:PriceEarningsRatioSummaryOfBusinessResults,株価収益率、経営指標等,Prior4YearDuration,四期前,その他,期間,pure,,－
jpcrp_cor:PriceEarningsRatioSummaryOfBusinessResults,株価収益率、経営指標等,Prior3YearDuration,三期前,その他,期間,pure,,－
jpcrp_cor:PriceEarningsRatioSummaryOfBusinessResults,株価収益率、経営指標等,Prior2YearDuration,前々期,その他,期間,pure,,－
jpcrp_cor:PriceEarningsRatioSummaryOfBusinessResults,株価収益率、経営指標等,Prior1YearDuration,前期,その他,期間,pure,,－
jpcrp_cor:NetCashProvidedByUsedInOperatingActivitiesSummaryOfBusinessResults,営業活動によるキャッシュ・フロー、経営指標等,Prior4YearDuration,四期前,その他,期間,JPY,円,-7114000000
jpcrp_cor:NetCashProvidedByUsedInOperatingActivitiesSummaryOfBusinessResults,営業活動によるキャッシュ・フロー、経営指標等,Prior3YearDuration,三期前,その他,期間,JPY,円,49901000000
jpcrp_cor:NetCashProvidedByUsedInOperatingActivitiesSummaryOfBusinessResults,営業活動によるキャッシュ・フロー、経営指標等,Prior2YearDuration,前々期,その他,期間,JPY,円,51872000000
jpcrp_cor:NetCashProvidedByUsedInOperatingActivitiesSummaryOfBusinessResults,営業活動によるキャッシュ・フロー、経営指標等,Prior1YearDuration,前期,その他,期間,JPY,円,-425648000000
jpcrp_cor:NetCashProvidedByUsedInInvestingActivitiesSummaryOfBusinessResults,投資活動によるキャッシュ・フロー、経営指標等,Prior4YearDuration,四期前,その他,期間,JPY,円,-6006000000
jpcrp_cor:NetCashProvidedByUsedInInvestingActivitiesSummaryOfBusinessResults,投資活動によるキャッシュ・フロー、経営指標等,Prior3YearDuration,三期前,その他,期間,JPY,円,-5828000000
jpcrp_cor:NetCashProvidedByUsedInInvestingActivitiesSummaryOfBusinessResults,投資活動によるキャッシュ・フロー、経営指標等,Prior2YearDuration,前々期,その他,期間,JPY,円,-5425000000
jpcrp_cor:NetCashProvidedByUsedInInvestingActivitiesSummaryOfBusinessResults,投資活動によるキャッシュ・フロー、経営指標等,Prior1YearDuration,前期,その他,期間,JPY,円,-9360000000
jpcrp_cor:NetCashProvidedByUsedInFinancingActivitiesSummaryOfBusinessResults,財務活動によるキャッシュ・フロー、経営指標等,Prior4YearDuration,四期前,その他,期間,JPY,円,-77765000000
jpcrp_cor:NetCashProvidedByUsedInFinancingActivitiesSummaryOfBusinessResults,財務活動によるキャッシュ・フロー、経営指標等,Prior3YearDuration,三期前,その他,期間,JPY,円,2059000000
jpcrp_cor:NetCashProvidedByUsedInFinancingActivitiesSummaryOfBusinessResults,財務活動によるキャッシュ・フロー、経営指標等,Prior2YearDuration,前々期,その他,期間,JPY,円,155106000000
jpcrp_cor:NetCashProvidedByUsedInFinancingActivitiesSummaryOfBusinessResults,財務活動によるキャッシュ・フロー、経営指標等,Prior1YearDuration,前期,その他,期間,JPY,円,546690000000
jpcrp_cor:CashAndCashEquivalentsSummaryOfBusinessResults,現金及び現金同等物の残高、経営指標等,Prior4YearInstant,四期前時点,その他,時点,JPY,円,8410000000
jpcrp_cor:CashAndCashEquivalentsSummaryOfBusinessResults,現金及び現金同等物の残高、経営指標等,Prior3YearInstant,三期前時点,その他,時点,JPY,円,54933000000
jpcrp_cor:CashAndCashEquivalentsSummaryOfBusinessResults,現金及び現金同等物の残高、経営指標等,Prior2YearInstant,前々期末,その他,時点,JPY,円,256580000000
jpcrp_cor:CashAndCashEquivalentsSummaryOfBusinessResults,現金及び現金同等物の残高、経営指標等,Prior1YearInstant,前期末,その他,時点,JPY,円,369001000000
jpcrp_cor:NumberOfEmployees,従業員数,Prior4YearInstant,四期前時点,その他,時点,pure,,2218
jpcrp_cor:NumberOfEmployees,従業員数,Prior3YearInstant,三期前時点,その他,時点,pure,,2189
jpcrp_cor:NumberOfEmployees,従業員数,Prior2YearInstant,前々期末,その他,時点,pure,,2207
jpcrp_cor:NumberOfEmployees,従業員数,Prior1YearInstant,前期末,その他,時点,pure,,2180
jpcrp_cor:AverageNumberOfTemporaryWorkers,平均臨時雇用人員,Prior4YearInstant,四期前時点,その他,時点,pure,,317
jpcrp_cor:AverageNumberOfTemporaryWorkers,平均臨時雇用人員,Prior3YearInstant,三期前時点,その他,時点,pure,,275
jpcrp_cor:AverageNumberOfTemporaryWorkers,平均臨時雇用人員,Prior2YearInstant,前々期末,その他,時点,pure,,310
jpcrp_cor:AverageNumberOfTemporaryWorkers,平均臨時雇用人員,Prior1YearInstant,前期末,その他,時点,pure,,344
jpcrp_cor:OperatingRevenue1SummaryOfBusinessResults,営業収益、経営指標等,Prior4YearDuration_NonConsolidatedMember,四期前,その他,期間,JPY,円,213649000000
jpcrp_cor:OperatingRevenue1SummaryOfBusinessResults,営業収益、経営指標等,Prior3YearDuration_NonConsolidatedMember,三期前,その他,期間,JPY,円,196492000000
jpcrp_cor:OperatingRevenue1SummaryOfBusinessResults,営業収益、経営指標等,Prior2YearDuration_NonConsolidatedMember,前々期,その他,期間,JPY,円,194487000000
jpcrp_cor:OperatingRevenue1SummaryOfBusinessResults,営業収益、経営指標等,Prior1YearDuration_NonConsolidatedMember,前期,その他,期間,JPY,円,187702000000
jpcrp_cor:OrdinaryIncomeLossSummaryOfBusinessResults,経常利益又は経常損失（△）、経営指標等,Prior4YearDuration_NonConsolidatedMember,四期前,その他,期間,JPY,円,22480000000
jpcrp_cor:OrdinaryIncomeLossSummaryOfBusinessResults,経常利益又は経常損失（△）、経営指標等,Prior3YearDuration_NonConsolidatedMember,三期前,その他,期間,JPY,円,39996000000
jpcrp_cor:OrdinaryIncomeLossSummaryOfBusinessResults,経常利益又は経常損失（△）、経営指標等,Prior2YearDuration_NonConsolidatedMember,前々期,その他,期間,JPY,円,45796000000
jpcrp_cor:OrdinaryIncomeLossSummaryOfBusinessResults,経常利益又は経常損失（△）、経営指標等,Prior1YearDuration_NonConsolidatedMember,前期,その他,期間,JPY,円,42302000000
jpcrp_cor:NetIncomeLossSummaryOfBusinessResults,当期純利益又は当期純損失（△）、経営指標等,Prior4YearDuration_NonConsolidatedMember,四期前,その他,期間,JPY,円,15589000000
jpcrp_cor:NetIncomeLossSummaryOfBusinessResults,当期純利益又は当期純損失（△）、経営指標等,Prior3YearDuration_NonConsolidatedMember,三期前,その他,期間,JPY,円,27706000000
jpcrp_cor:NetIncomeLossSummaryOfBusinessResults,当期純利益又は当期純損失（△）、経営指標等,Prior2YearDuration_NonConsolidatedMember,前々期,その他,期間,JPY,円,32053000000
jpcrp_cor:NetIncomeLossSummaryOfBusinessResults,当期純利益又は当期純損失（△）、経営指標等,Prior1YearDuration_NonConsolidatedMember,前期,その他,期間,JPY,円,29423000000
jpcrp_cor:CapitalStockSummaryOfBusinessResults,資本金、経営指標等,Prior4YearInstant_NonConsolidatedMember,四期前時点,その他,時点,JPY,円,16500000000
jpcrp_cor:CapitalStockSummaryOfBusinessResults,資本金、経営指標等,Prior3YearInstant_NonConsolidatedMember,三期前時点,その他,時点,JPY,円,16500000000
jpcrp_cor:CapitalStockSummaryOfBusinessResults,資本金、経営指標等,Prior2YearInstant_NonConsolidatedMember,前々期末,その他,時点,JPY,円,16500000000
jpcrp_cor:CapitalStockSummaryOfBusinessResults,資本金、経営指標等,Prior1YearInstant_NonConsolidatedMember,前期末,その他,時点,JPY,円,16500000000
jpcrp_cor:TotalNumberOfIssuedSharesSummaryOfBusinessResults,発行済株式総数（普通株式）、経営指標等,Prior4YearInstant_NonConsolidatedMember,四期前時点,その他,時点,shares,,187500
jpcrp_cor:TotalNumberOfIssuedSharesSummaryOfBusinessResults,発行済株式総数（普通株式）、経営指標等,Prior3YearInstant_NonConsolidatedMember,三期前時点,その他,時点,shares,,187500
jpcrp_cor:TotalNumberOfIssuedSharesSummaryOfBusinessResults,発行済株式総数（普通株式）、経営指標等,Prior2YearInstant_NonConsolidatedMember,前々期末,その他,時点,shares,,187500
jpcrp_cor:TotalNumberOfIssuedSharesSummaryOfBusinessResults,発行済株式総数（普通株式）、経営指標等,Prior1YearInstant_NonConsolidatedMember,前期末,その他,時点,shares,,187500
jpcrp_cor:NetAssetsSummaryOfBusinessResults,純資産額、経営指標等,Prior4YearInstant_NonConsolidatedMember,四期前時点,その他,時点,JPY,円,221394000000
jpcrp_cor:NetAssetsSummaryOfBusinessResults,純資産額、経営指標等,Prior3YearInstant_NonConsolidatedMember,三期前時点,その他,時点,JPY,円,242656000000
jpcrp_cor:NetAssetsSummaryOfBusinessResults,純資産額、経営指標等,Prior2YearInstant_NonConsolidatedMember,前々期末,その他,時点,JPY,円,265708000000
jpcrp_cor:NetAssetsSummaryOfBusinessResults,純資産額、経営指標等,Prior1YearInstant_NonConsolidatedMember,前期末,その他,時点,JPY,円,288267000000
jpcrp_cor:TotalAssetsSummaryOfBusinessResults,総資産額、経営指標等,Prior4YearInstant_NonConsolidatedMember,四期前時点,その他,時点,JPY,円,1975587000000
jpcrp_cor:TotalAssetsSummaryOfBusinessResults,総資産額、経営指標等,Prior3YearInstant_NonConsolidatedMember,三期前時点,その他,時点,JPY,円,2005917000000
jpcrp_cor:TotalAssetsSummaryOfBusinessResults,総資産額、経営指標等,Prior2YearInstant_NonConsolidatedMember,前々期末,その他,時点,JPY,円,2199050000000
jpcrp_cor:TotalAssetsSummaryOfBusinessResults,総資産額、経営指標等,Prior1YearInstant_NonConsolidatedMember,前期末,その他,時点,JPY,円,2805445000000
jpcrp_cor:NetAssetsPerShareSummaryOfBusinessResults,１株当たり純資産額、経営指標等,Prior4YearInstant_NonConsolidatedMember,四期前時点,その他,時点,JPYPerShares,,1180771.75
jpcrp_cor:NetAssetsPerShareSummaryOfBusinessResults,１株当たり純資産額、経営指標等,Prior3YearInstant_NonConsolidatedMember,三期前時点,その他,時点,JPYPerShares,,1294165.91
jpcrp_cor:NetAssetsPerShareSummaryOfBusinessResults,１株当たり純資産額、経営指標等,Prior2YearInstant_NonConsolidatedMember,前々期末,その他,時点,JPYPerShares,,1417112.58
jpcrp_cor:NetAssetsPerShareSummaryOfBusinessResults,１株当たり純資産額、経営指標等,Prior1YearInstant_NonConsolidatedMember,前期末,その他,時点,JPYPerShares,,1537427.09
jpcrp_cor:DividendPaidPerShareSummaryOfBusinessResults,１株当たり配当額、経営指標等,Prior4YearDuration_NonConsolidatedMember,四期前,その他,期間,JPYPerShares,,24900.00
jpcrp_cor:DividendPaidPerShareSummaryOfBusinessResults,１株当たり配当額、経営指標等,Prior3YearDuration_NonConsolidatedMember,三期前,その他,期間,JPYPerShares,,44300.00
jpcrp_cor:DividendPaidPerShareSummaryOfBusinessResults,１株当たり配当額、経営指標等,Prior2YearDuration_NonConsolidatedMember,前々期,その他,期間,JPYPerShares,,35900.00
jpcrp_cor:DividendPaidPerShareSummaryOfBusinessResults,１株当たり配当額、経営指標等,Prior1YearDuration_NonConsolidatedMember,前期,その他,期間,JPYPerShares,,47000.00
jpcrp_cor:InterimDividendPaidPerShareSummaryOfBusinessResults,１株当たり中間配当額、経営指標等,Prior4YearDuration_NonConsolidatedMember,四期前,その他,期間,JPYPerShares,,－
jpcrp_cor:InterimDividendPaidPerShareSummaryOfBusinessResults,１株当たり中間配当額、経営指標等,Prior3YearDuration_NonConsolidatedMember,三期前,その他,期間,JPYPerShares,,－
jpcrp_cor:InterimDividendPaidPerShareSummaryOfBusinessResults,１株当たり中間配当額、経営指標等,Prior2YearDuration_NonConsolidatedMember,前々期,その他,期間,JPYPerShares,,－
jpcrp_cor:InterimDividendPaidPerShareSummaryOfBusinessResults,１株当たり中間配当額、経営指標等,Prior1YearDuration_NonConsolidatedMember,前期,その他,期間,JPYPerShares,,－
jpcrp_cor:BasicEarningsLossPerShareSummaryOfBusinessResults,１株当たり当期純利益又は当期純損失（△）、経営指標等,Prior4YearDuration_NonConsolidatedMember,四期前,その他,期間,JPYPerShares,,83144.93
jpcrp_cor:BasicEarningsLossPerShareSummaryOfBusinessResults,１株当たり当期純利益又は当期純損失（△）、経営指標等,Prior3YearDuration_NonConsolidatedMember,三期前,その他,期間,JPYPerShares,,147769.59
jpcrp_cor:BasicEarningsLossPerShareSummaryOfBusinessResults,１株当たり当期純利益又は当期純損失（△）、経営指標等,Prior2YearDuration_NonConsolidatedMember,前々期,その他,期間,JPYPerShares,,170952.55
jpcrp_cor:BasicEarningsLossPerShareSummaryOfBusinessResults,１株当たり当期純利益又は当期純損失（△）、経営指標等,Prior1YearDuration_NonConsolidatedMember,前期,その他,期間,JPYPerShares,,156925.45
jpcrp_cor:DilutedEarningsPerShareSummaryOfBusinessResults,潜在株式調整後１株当たり当期純利益、経営指標等,Prior4YearDuration_NonConsolidatedMember,四期前,その他,期間,JPYPerShares,,－
jpcrp_cor:DilutedEarningsPerShareSummaryOfBusinessResults,潜在株式調整後１株当たり当期純利益、経営指標等,Prior3YearDuration_NonConsolidatedMember,三期前,その他,期間,JPYPerShares,,－
jpcrp_cor:DilutedEarningsPerShareSummaryOfBusinessResults,潜在株式調整後１株当たり当期純利益、経営指標等,Prior2YearDuration_NonConsolidatedMember,前々期,その他,期間,JPYPerShares,,－
jpcrp_cor:DilutedEarningsPerShareSummaryOfBusinessResults,潜在株式調整後１株当たり当期純利益、経営指標等,Prior1YearDuration_NonConsolidatedMember,前期,その他,期間,JPYPerShares,,－
jpcrp_cor:EquityToAssetRatioSummaryOfBusinessResults,自己資本比率、経営指標等,Prior4YearInstant_NonConsolidatedMember,四期前時点,その他,時点,pure,,0.1121
jpcrp_cor:EquityToAssetRatioSummaryOfBusinessResults,自己資本比率、経営指標等,Prior3YearInstant_NonConsolidatedMember,三期前時点,その他,時点,pure,,0.1210
jpcrp_cor:EquityToAssetRatioSummaryOfBusinessResults,自己資本比率、経営指標等,Prior2YearInstant_NonConsolidatedMember,前々期末,その他,時点,pure,,0.1208
jpcrp_cor:EquityToAssetRatioSummaryOfBusinessResults,自己資本比率、経営指標等,Prior1YearInstant_NonConsolidatedMember,前期末,その他,時点,pure,,0.1028
jpcrp_cor:RateOfReturnOnEquitySummaryOfBusinessResults,自己資本利益率、経営指標等,Prior4YearDuration_NonConsolidatedMember,四期前,その他,期間,pure,,0.0720
jpcrp_cor:RateOfReturnOnEquitySummaryOfBusinessResults,自己資本利益率、経営指標等,Prior3YearDuration_NonConsolidatedMember,三期前,その他,期間,pure,,0.1194
jpcrp_cor:RateOfReturnOnEquitySummaryOfBusinessResults,自己資本利益率、経営指標等,Prior2YearDuration_NonConsolidatedMember,前々期,その他,期間,pure,,0.1261
jpcrp_cor:RateOfReturnOnEquitySummaryOfBusinessResults,自己資本利益率、経営指標等,Prior1YearDuration_NonConsolidatedMember,前期,その他,期間,pure,,0.1062
jpcrp_cor:PriceEarningsRatioSummaryOfBusinessResults,株価収益率、経営指標等,Prior4YearDuration_NonConsolidatedMember,四期前,その他,期間,pure,,－
jpcrp_cor:PriceEarningsRatioSummaryOfBusinessResults,株価収益率、経営指標等,Prior3YearDuration_NonConsolidatedMember,三期前,その他,期間,pure,,－
jpcrp_cor:PriceEarningsRatioSummaryOfBusinessResults,株価収益率、経営指標等,Prior2YearDuration_NonConsolidatedMember,前々期,その他,期間,pure,,－
jpcrp_cor:PriceEarningsRatioSummaryOfBusinessResults,株価収益率、経営指標等,Prior1YearDuration_NonConsolidatedMember,前期,その他,期間,pure,,－
jpcrp_cor:PayoutRatioSummaryOfBusinessResults,配当性向、経営指標等,Prior4YearDuration_NonConsolidatedMember,四期前,その他,期間,pure,,0.2995
jpcrp_cor:PayoutRatioSummaryOfBusinessResults,配当性向、経営指標等,Prior3YearDuration_NonConsolidatedMember,三期前,その他,期間,pure,,0.2998
jpcrp_cor:PayoutRatioSummaryOfBusinessResults,配当性向、経営指標等,Prior2YearDuration_NonConsolidatedMember,前々期,その他,期間,pure,,0.2100
jpcrp_cor:PayoutRatioSummaryOfBusinessResults,配当性向、経営指標等,Prior1YearDuration_NonConsolidatedMember,前期,その他,期間,pure,,0.2995
jpcrp_cor:NumberOfEmployees,従業員数,Prior4YearInstant_NonConsolidatedMember,四期前時点,その他,時点,pure,,1973
jpcrp_cor:NumberOfEmployees,従業員数,Prior3YearInstant_NonConsolidatedMember,三期前時点,その他,時点,pure,,1928
jpcrp_cor:NumberOfEmployees,従業員数,Prior2YearInstant_NonConsolidatedMember,前々期末,その他,時点,pure,,1928
jpcrp_cor:NumberOfEmployees,従業員数,Prior1YearInstant_NonConsolidatedMember,前期末,その他,時点,pure,,1886
jpcrp_cor:AverageNumberOfTemporaryWorkers,平均臨時雇用人員,Prior4YearInstant_NonConsolidatedMember,四期前時点,その他,時点,pure,,285
jpcrp_cor:AverageNumberOfTemporaryWorkers,平均臨時雇用人員,Prior3YearInstant_NonConsolidatedMember,三期前時点,その他,時点,pure,,247
jpcrp_cor:AverageNumberOfTemporaryWorkers,平均臨時雇用人員,Prior2YearInstant_NonConsolidatedMember,前々期末,その他,時点,pure,,277
jpcrp_cor:AverageNumberOfTemporaryWorkers,平均臨時雇用人員,Prior1YearInstant_NonConsolidatedMember,前期末,その他,時点,pure,,316
jpcrp_cor:TotalShareholderReturn,株主総利回り,Prior4YearInstant_NonConsolidatedMember,四期前時点,その他,時点,pure,,－
jpcrp_cor:TotalShareholderReturn,株主総利回り,Prior3YearInstant_NonConsolidatedMember,三期前時点,その他,時点,pure,,－
jpcrp_cor:TotalShareholderReturn,株主総利回り,Prior2YearInstant_NonConsolidatedMember,前々期末,その他,時点,pure,,－
jpcrp_cor:TotalShareholderReturn,株主総利回り,Prior1YearInstant_NonConsolidatedMember,前期末,その他,時点,pure,,－
jpcrp_cor:TotalReturnOnSharePriceIndex,株価指数における総利回り,Prior4YearInstant_NonConsolidatedMember,四期前時点,その他,時点,pure,,－
jpcrp_cor:TotalReturnOnSharePriceIndex,株価指数における総利回り,Prior3YearInstant_NonConsolidatedMember,三期前時点,その他,時点,pure,,－
jpcrp_cor:TotalReturnOnSharePriceIndex,株価指数における総利回り,Prior2YearInstant_NonConsolidatedMember,前々期末,その他,時点,pure,,－
jpcrp_cor:TotalReturnOnSharePriceIndex,株価指数における総利回り,Prior1YearInstant_NonConsolidatedMember,前期末,その他,時点,pure,,－
jppfs_cor:CashAndDeposits,現金及び預金,Prior1YearInstant,前期末,連結,時点,JPY,円,370303000000
jppfs_cor:AccountsReceivableOperatingLoansCASPF,営業貸付金、流動資産、特定金融業,Prior1YearInstant,前期末,連結,時点,JPY,円,747375000000
jppfs_cor:AccountsReceivableInstallment,割賦売掛金,Prior1YearInstant,前期末,連結,時点,JPY,円,1381817000000
jppfs_cor:LeaseReceivablesAndInvestmentAssetsCA,リース債権及びリース投資資産、流動資産,Prior1YearInstant,前期末,連結,時点,JPY,円,209821000000
jppfs_cor:Supplies,貯蔵品,Prior1YearInstant,前期末,連結,時点,JPY,円,844000000
jppfs_cor:OtherCA,その他、流動資産,Prior1YearInstant,前期末,連結,時点,JPY,円,127368000000
jppfs_cor:AllowanceForDoubtfulAccountsCA,貸倒引当金、流動資産、一括控除,Prior1YearInstant,前期末,連結,時点,JPY,円,-16290000000
jppfs_cor:CurrentAssets,流動資産,Prior1YearInstant,前期末,連結,時点,JPY,円,2821241000000
jpcrp030000-asr_E05031-000:PropertyForLeaseNetPPELEA,,Prior1YearInstant,前期末,その他,時点,JPY,円,19912000000
jppfs_cor:OtherNetPPE,その他（純額）、有形固定資産,Prior1YearInstant,前期末,連結,時点,JPY,円,1868000000
jppfs_cor:PropertyPlantAndEquipment,有形固定資産,Prior1YearInstant,前期末,連結,時点,JPY,円,21780000000
jppfs_cor:Software,ソフトウエア,Prior1YearInstant,前期末,連結,時点,JPY,円,18844000000
jppfs_cor:IntangibleAssets,無形固定資産,Prior1YearInstant,前期末,連結,時点,JPY,円,18844000000
jppfs_cor:InvestmentSecurities,投資有価証券,Prior1YearInstant,前期末,連結,時点,JPY,円,825000000
jppfs_cor:InvestmentsInCapital,出資金,Prior1YearInstant,前期末,連結,時点,JPY,円,961000000
jppfs_cor:InvestmentsInCapitalOfSubsidiariesAndAffiliates,関係会社出資金,Prior1YearInstant,前期末,連結,時点,JPY,円,2531000000
jppfs_cor:DeferredTaxAssets,繰延税金資産,Prior1YearInstant,前期末,連結,時点,JPY,円,32931000000
jppfs_cor:OtherIOA,その他、投資その他の資産,Prior1YearInstant,前期末,連結,時点,JPY,円,7028000000
jppfs_cor:InvestmentsAndOtherAssets,投資その他の資産,Prior1YearInstant,前期末,連結,時点,JPY,円,44278000000
jppfs_cor:NoncurrentAssets,固定資産,Prior1YearInstant,前期末,連結,時点,JPY,円,84903000000
jppfs_cor:BondIssuanceCostDA,社債発行費、繰延資産,Prior1YearInstant,前期末,連結,時点,JPY,円,313000000
jppfs_cor:DeferredAssets,繰延資産,Prior1YearInstant,前期末,連結,時点,JPY,円,313000000
jppfs_cor:Assets,資産,Prior1YearInstant,前期末,連結,時点,JPY,円,2906458000000
jppfs_cor:NotesAndAccountsPayableTrade,支払手形及び買掛金,Prior1YearInstant,前期末,連結,時点,JPY,円,285870000000
jppfs_cor:ShortTermLoansPayable,短期借入金,Prior1YearInstant,前期末,連結,時点,JPY,円,379522000000
jppfs_cor:CurrentPortionOfLongTermLoansPayable,１年内返済予定の長期借入金,Prior1YearInstant,前期末,連結,時点,JPY,円,99000000000
jpcrp030000-asr_E05031-000:CurrentPortionOfLongTermLoansPayableUnderCreditFluidityCL,,Prior1YearInstant,前期末,その他,時点,JPY,円,12063000000
jppfs_cor:CurrentPortionOfBonds,１年内償還予定の社債,Prior1YearInstant,前期末,連結,時点,JPY,円,150000000000
jppfs_cor:ProvisionForBonuses,賞与引当金,Prior1YearInstant,前期末,連結,時点,JPY,円,2619000000
jppfs_cor:ProvisionForDirectorsBonuses,役員賞与引当金,Prior1YearInstant,前期末,連結,時点,JPY,円,112000000
jppfs_cor:ProvisionForPointCardCertificatesCL,ポイント引当金、流動負債,Prior1YearInstant,前期末,連結,時点,JPY,円,20908000000
jppfs_cor:ProvisionForLossOnGuaranteesCL,債務保証損失引当金、流動負債,Prior1YearInstant,前期末,連結,時点,JPY,円,8575000000
jppfs_cor:OtherCL,その他、流動負債,Prior1YearInstant,前期末,連結,時点,JPY,円,78790000000
jppfs_cor:CurrentLiabilities,流動負債,Prior1YearInstant,前期末,連結,時点,JPY,円,1037462000000
jppfs_cor:BondsPayable,社債,Prior1YearInstant,前期末,連結,時点,JPY,円,425000000000
jppfs_cor:LongTermLoansPayable,長期借入金,Prior1YearInstant,前期末,連結,時点,JPY,円,1054365000000
jpcrp030000-asr_E05031-000:CurrentPortionOfLongTermLoansPayableUnderCreditFluidityNCL,,Prior1YearInstant,前期末,その他,時点,JPY,円,59661000000
jppfs_cor:ProvisionForDirectorsRetirementBenefits,役員退職慰労引当金,Prior1YearInstant,前期末,連結,時点,JPY,円,123000000
jpcrp030000-asr_E05031-000:ProvisionForAutomobileInspectionCostsNCL,,Prior1YearInstant,前期末,その他,時点,JPY,円,1552000000
jppfs_cor:NetDefinedBenefitLiability,退職給付に係る負債,Prior1YearInstant,前期末,連結,時点,JPY,円,9557000000
jppfs_cor:AssetRetirementObligationsNCL,資産除去債務、固定負債,Prior1YearInstant,前期末,連結,時点,JPY,円,575000000
jppfs_cor:OtherNCL,その他、固定負債,Prior1YearInstant,前期末,連結,時点,JPY,円,13384000000
jppfs_cor:NoncurrentLiabilities,固定負債,Prior1YearInstant,前期末,連結,時点,JPY,円,1564220000000
jppfs_cor:Liabilities,負債,Prior1YearInstant,前期末,連結,時点,JPY,円,2601683000000
jppfs_cor:CapitalStock,資本金,Prior1YearInstant,前期末,連結,時点,JPY,円,16500000000
jppfs_cor:CapitalSurplus,資本剰余金,Prior1YearInstant,前期末,連結,時点,JPY,円,13500000000
jppfs_cor:RetainedEarnings,利益剰余金,Prior1YearInstant,前期末,連結,時点,JPY,円,265707000000
jppfs_cor:ShareholdersEquity,株主資本,Prior1YearInstant,前期末,連結,時点,JPY,円,295707000000
jppfs_cor:ValuationDifferenceOnAvailableForSaleSecurities,その他有価証券評価差額金,Prior1YearInstant,前期末,連結,時点,JPY,円,212000000
jppfs_cor:DeferredGainsOrLossesOnHedges,繰延ヘッジ損益,Prior1YearInstant,前期末,連結,時点,JPY,円,-37000000
jppfs_cor:ForeignCurrencyTranslationAdjustment,為替換算調整勘定,Prior1YearInstant,前期末,連結,時点,JPY,円,1978000000
jppfs_cor:RemeasurementsOfDefinedBenefitPlans,退職給付に係る調整累計額,Prior1YearInstant,前期末,連結,時点,JPY,円,-395000000
jppfs_cor:ValuationAndTranslationAdjustments,評価・換算差額等,Prior1YearInstant,前期末,連結,時点,JPY,円,1757000000
jppfs_cor:NonControllingInterests,非支配株主持分,Prior1YearInstant,前期末,連結,時点,JPY,円,7309000000
jppfs_cor:NetAssets,純資産,Prior1YearInstant,前期末,連結,時点,JPY,円,304774000000
jppfs_cor:LiabilitiesAndNetAssets,負債純資産,Prior1YearInstant,前期末,連結,時点,JPY,円,2906458000000
jppfs_cor:FinancingRevenueRevOA,融資収益、営業活動による収益,Prior1YearDuration,前期,連結,期間,JPY,円,3406000000
jppfs_cor:PerItemRevenueRevOA,個別信用購入あっせん収益、営業活動による収益,Prior1YearDuration,前期,連結,期間,JPY,円,18361000000
jppfs_cor:RevenueFromCreditGuaranteeRevOA,信用保証収益、営業活動による収益,Prior1YearDuration,前期,連結,期間,JPY,円,57922000000
jppfs_cor:CreditCardRevenueRevOA,包括信用購入あっせん収益、営業活動による収益,Prior1YearDuration,前期,連結,期間,JPY,円,64479000000
jppfs_cor:LeaseRevenueRevOA,リース収益、営業活動による収益,Prior1YearDuration,前期,連結,期間,JPY,円,93180000000
jppfs_cor:OtherRevOA,その他、営業活動による収益,Prior1YearDuration,前期,連結,期間,JPY,円,33865000000
jppfs_cor:OperatingRevenueSPF,営業収益、特定金融業,Prior1YearDuration,前期,連結,期間,JPY,円,271217000000
jppfs_cor:CommissionFeeOESPF,支払手数料、営業費用、特定金融業,Prior1YearDuration,前期,連結,期間,JPY,円,24886000000
jppfs_cor:SalariesAndAllowancesSGA,給料及び手当、販売費及び一般管理費,Prior1YearDuration,前期,連結,期間,JPY,円,10070000000
jppfs_cor:ProvisionForBonusesSGA,賞与引当金繰入額、販売費及び一般管理費,Prior1YearDuration,前期,連結,期間,JPY,円,2619000000
jppfs_cor:RetirementBenefitExpensesSGA,退職給付費用、販売費及び一般管理費,Prior1YearDuration,前期,連結,期間,JPY,円,1153000000
jpcrp030000-asr_E05031-000:ComputerExpensesOE,,Prior1YearDuration,前期,その他,期間,JPY,円,23734000000
jppfs_cor:ProvisionOfAllowanceForDoubtfulAccountsSGA,貸倒引当金繰入額、販売費及び一般管理費,Prior1YearDuration,前期,連結,期間,JPY,円,12071000000
jppfs_cor:ProvisionForPointCardCertificatesSGA,ポイント引当金繰入額、販売費及び一般管理費,Prior1YearDuration,前期,連結,期間,JPY,円,22522000000
jppfs_cor:DepreciationSGA,減価償却費、販売費及び一般管理費,Prior1YearDuration,前期,連結,期間,JPY,円,378000000
jppfs_cor:OfficeCostSGA,事務費、販売費及び一般管理費,Prior1YearDuration,前期,連結,期間,JPY,円,6989000000
jppfs_cor:OtherSGA,その他、販売費及び一般管理費,Prior1YearDuration,前期,連結,期間,JPY,円,31998000000
jppfs_cor:SellingGeneralAndAdministrativeExpenses,販売費及び一般管理費,Prior1YearDuration,前期,連結,期間,JPY,円,136424000000
jppfs_cor:InterestExpensesOESPF,支払利息、営業費用、特定金融業,Prior1YearDuration,前期,連結,期間,JPY,円,5091000000
jppfs_cor:InterestOnBondsOESPF,社債利息、営業費用、特定金融業,Prior1YearDuration,前期,連結,期間,JPY,円,781000000
jppfs_cor:AmortizationOfBondIssuanceCostOESPF,社債発行費償却、営業費用、特定金融業,Prior1YearDuration,前期,連結,期間,JPY,円,66000000
jppfs_cor:OtherFinancialExpensesSPF,その他、金融費用、特定金融業,Prior1YearDuration,前期,連結,期間,JPY,円,318000000
jppfs_cor:FinancialExpenses,金融費用,Prior1YearDuration,前期,連結,期間,JPY,円,6258000000
jppfs_cor:LeaseCostCOSLEA,リース原価、売上原価、リース事業,Prior1YearDuration,前期,連結,期間,JPY,円,86150000000
jppfs_cor:OperatingExpensesSPF,営業費用、特定金融業,Prior1YearDuration,前期,連結,期間,JPY,円,228833000000
jppfs_cor:OperatingIncome,営業利益又は営業損失（△）,Prior1YearDuration,前期,連結,期間,JPY,円,42384000000
jppfs_cor:InterestIncomeNOI,受取利息、営業外収益,Prior1YearDuration,前期,連結,期間,JPY,円,407000000
jppfs_cor:DividendsIncomeNOI,受取配当金、営業外収益,Prior1YearDuration,前期,連結,期間,JPY,円,15000000
jppfs_cor:GainOnBadDebtsRecoveredNOI,償却債権取立益、営業外収益,Prior1YearDuration,前期,連結,期間,JPY,円,3377000000
jpcrp030000-asr_E05031-000:RecoveriesOfCollectionExpensesNOI,,Prior1YearDuration,前期,その他,期間,JPY,円,587000000
jppfs_cor:ForeignExchangeGainsNOI,為替差益、営業外収益,Prior1YearDuration,前期,連結,期間,JPY,円,269000000
jppfs_cor:MiscellaneousIncomeNOI,雑収入、営業外収益,Prior1YearDuration,前期,連結,期間,JPY,円,157000000
jppfs_cor:NonOperatingIncome,営業外収益,Prior1YearDuration,前期,連結,期間,JPY,円,4815000000
jppfs_cor:ForeignExchangeLossesNOE,為替差損、営業外費用,Prior1YearDuration,前期,連結,期間,JPY,円,－
jppfs_cor:LossOnRetirementOfNoncurrentAssetsNOE,固定資産除却損、営業外費用,Prior1YearDuration,前期,連結,期間,JPY,円,104000000
jppfs_cor:MiscellaneousLossNOE,雑損失、営業外費用,Prior1YearDuration,前期,連結,期間,JPY,円,20000000
jppfs_cor:NonOperatingExpenses,営業外費用,Prior1YearDuration,前期,連結,期間,JPY,円,125000000
jppfs_cor:OrdinaryIncome,経常利益又は経常損失（△）,Prior1YearDuration,前期,連結,期間,JPY,円,47074000000
jppfs_cor:GainOnSalesOfInvestmentSecuritiesEI,投資有価証券売却益、特別利益,Prior1YearDuration,前期,連結,期間,JPY,円,37000000
jppfs_cor:ExtraordinaryIncome,特別利益,Prior1YearDuration,前期,連結,期間,JPY,円,37000000
jppfs_cor:IncomeBeforeIncomeTaxes,税引前当期純利益又は税引前当期純損失（△）,Prior1YearDuration,前期,連結,期間,JPY,円,47112000000
jppfs_cor:IncomeTaxesCurrent,法人税、住民税及び事業税,Prior1YearDuration,前期,連結,期間,JPY,円,13908000000
jppfs_cor:IncomeTaxesDeferred,法人税等調整額,Prior1YearDuration,前期,連結,期間,JPY,円,-1021000000
jppfs_cor:IncomeTaxes,法人税等,Prior1YearDuration,前期,連結,期間,JPY,円,12887000000
jppfs_cor:ProfitLoss,当期純利益又は当期純損失（△）（平成26年3月28日財規等改正後）,Prior1YearDuration,前期,連結,期間,JPY,円,34224000000
jppfs_cor:ProfitLossAttributableToNonControllingInterests,非支配株主に帰属する当期純利益又は非支配株主に帰属する当期純損失（△）,Prior1YearDuration,前期,連結,期間,JPY,円,1119000000
jppfs_cor:ProfitLossAttributableToOwnersOfParent,親会社株主に帰属する当期純利益又は親会社株主に帰属する当期純損失（△）,Prior1YearDuration,前期,連結,期間,JPY,円,33105000000
jppfs_cor:ProfitLoss,当期純利益又は当期純損失（△）（平成26年3月28日財規等改正後）,Prior1YearDuration,前期,連結,期間,JPY,円,34224000000
jppfs_cor:ValuationDifferenceOnAvailableForSaleSecuritiesNetOfTaxOCI,その他有価証券評価差額金（税引後）、その他の包括利益,Prior1YearDuration,前期,連結,期間,JPY,円,189000000
jppfs_cor:DeferredGainsOrLossesOnHedgesNetOfTaxOCI,繰延ヘッジ損益（税引後）、その他の包括利益,Prior1YearDuration,前期,連結,期間,JPY,円,-323000000
jppfs_cor:ForeignCurrencyTranslationAdjustmentNetOfTaxOCI,為替換算調整勘定（税引後）、その他の包括利益,Prior1YearDuration,前期,連結,期間,JPY,円,1105000000
jppfs_cor:RemeasurementsOfDefinedBenefitPlansNetOfTaxOCI,退職給付に係る調整額（税引後）、その他の包括利益,Prior1YearDuration,前期,連結,期間,JPY,円,17000000
jppfs_cor:OtherComprehensiveIncome,その他の包括利益,Prior1YearDuration,前期,連結,期間,JPY,円,990000000
jppfs_cor:ComprehensiveIncome,包括利益,Prior1YearDuration,前期,連結,期間,JPY,円,35215000000
jppfs_cor:ComprehensiveIncomeAttributableToOwnersOfTheParent,親会社株主に係る包括利益、包括利益,Prior1YearDuration,前期,連結,期間,JPY,円,34095000000
jppfs_cor:ComprehensiveIncomeAttributableToNonControllingInterests,非支配株主に係る包括利益、包括利益,Prior1YearDuration,前期,連結,期間,JPY,円,1119000000
jppfs_cor:NetAssets,純資産,Prior2YearInstant_CapitalStockMember,前々期末,連結,時点,JPY,円,16500000000
jppfs_cor:NetAssets,純資産,Prior2YearInstant_CapitalSurplusMember,前々期末,連結,時点,JPY,円,13500000000
jppfs_cor:NetAssets,純資産,Prior2YearInstant_RetainedEarningsMember,前々期末,連結,時点,JPY,円,239333000000
jppfs_cor:NetAssets,純資産,Prior2YearInstant_ShareholdersEquityMember,前々期末,連結,時点,JPY,円,269333000000
jppfs_cor:DividendsFromSurplus,剰余金の配当,Prior1YearDuration_RetainedEarningsMember,前期,連結,期間,JPY,円,-6731000000
jppfs_cor:DividendsFromSurplus,剰余金の配当,Prior1YearDuration_ShareholdersEquityMember,前期,連結,期間,JPY,円,-6731000000
jppfs_cor:ProfitLossAttributableToOwnersOfParent,親会社株主に帰属する当期純利益又は親会社株主に帰属する当期純損失（△）,Prior1YearDuration_RetainedEarningsMember,前期,連結,期間,JPY,円,33105000000
jppfs_cor:ProfitLossAttributableToOwnersOfParent,親会社株主に帰属する当期純利益又は親会社株主に帰属する当期純損失（△）,Prior1YearDuration_ShareholdersEquityMember,前期,連結,期間,JPY,円,33105000000
jppfs_cor:TotalChangesOfItemsDuringThePeriod,当期変動額合計,Prior1YearDuration_CapitalStockMember,前期,連結,期間,JPY,円,－
jppfs_cor:TotalChangesOfItemsDuringThePeriod,当期変動額合計,Prior1YearDuration_CapitalSurplusMember,前期,連結,期間,JPY,円,－
jppfs_cor:TotalChangesOfItemsDuringThePeriod,当期変動額合計,Prior1YearDuration_RetainedEarningsMember,前期,連結,期間,JPY,円,26374000000
jppfs_cor:TotalChangesOfItemsDuringThePeriod,当期変動額合計,Prior1YearDuration_ShareholdersEquityMember,前期,連結,期間,JPY,円,26374000000
jppfs_cor:NetAssets,純資産,Prior1YearInstant_CapitalStockMember,前期末,連結,時点,JPY,円,16500000000
jppfs_cor:NetAssets,純資産,Prior1YearInstant_CapitalSurplusMember,前期末,連結,時点,JPY,円,13500000000
jppfs_cor:NetAssets,純資産,Prior1YearInstant_RetainedEarningsMember,前期末,連結,時点,JPY,円,265707000000
jppfs_cor:NetAssets,純資産,Prior1YearInstant_ShareholdersEquityMember,前期末,連結,時点,JPY,円,295707000000
jppfs_cor:NetAssets,純資産,Prior2YearInstant_ValuationDifferenceOnAvailableForSaleSecuritiesMember,前々期末,連結,時点,JPY,円,22000000
jppfs_cor:NetAssets,純資産,Prior2YearInstant_DeferredGainsOrLossesOnHedgesMember,前々期末,連結,時点,JPY,円,285000000
jppfs_cor:NetAssets,純資産,Prior2YearInstant_ForeignCurrencyTranslationAdjustmentMember,前々期末,連結,時点,JPY,円,872000000
jppfs_cor:NetAssets,純資産,Prior2YearInstant_RemeasurementsOfDefinedBenefitPlansMember,前々期末,連結,時点,JPY,円,-412000000
jppfs_cor:NetAssets,純資産,Prior2YearInstant_ValuationAndTranslationAdjustmentsMember,前々期末,連結,時点,JPY,円,767000000
jppfs_cor:NetAssets,純資産,Prior2YearInstant_NonControllingInterestsMember,前々期末,連結,時点,JPY,円,6189000000
jppfs_cor:NetAssets,純資産,Prior2YearInstant,前々期末,連結,時点,JPY,円,276290000000
jppfs_cor:DividendsFromSurplus,剰余金の配当,Prior1YearDuration,前期,連結,期間,JPY,円,-6731000000
jppfs_cor:ProfitLossAttributableToOwnersOfParent,親会社株主に帰属する当期純利益又は親会社株主に帰属する当期純損失（△）,Prior1YearDuration,前期,連結,期間,JPY,円,33105000000
jppfs_cor:NetChangesOfItemsOtherThanShareholdersEquity,株主資本以外の項目の当期変動額（純額）,Prior1YearDuration_ValuationDifferenceOnAvailableForSaleSecuritiesMember,前期,連結,期間,JPY,円,189000000
jppfs_cor:NetChangesOfItemsOtherThanShareholdersEquity,株主資本以外の項目の当期変動額（純額）,Prior1YearDuration_DeferredGainsOrLossesOnHedgesMember,前期,連結,期間,JPY,円,-323000000
jppfs_cor:NetChangesOfItemsOtherThanShareholdersEquity,株主資本以外の項目の当期変動額（純額）,Prior1YearDuration_ForeignCurrencyTranslationAdjustmentMember,前期,連結,期間,JPY,円,1105000000
jppfs_cor:NetChangesOfItemsOtherThanShareholdersEquity,株主資本以外の項目の当期変動額（純額）,Prior1YearDuration_RemeasurementsOfDefinedBenefitPlansMember,前期,連結,期間,JPY,円,17000000
jppfs_cor:NetChangesOfItemsOtherThanShareholdersEquity,株主資本以外の項目の当期変動額（純額）,Prior1YearDuration_ValuationAndTranslationAdjustmentsMember,前期,連結,期間,JPY,円,990000000
jppfs_cor:NetChangesOfItemsOtherThanShareholdersEquity,株主資本以外の項目の当期変動額（純額）,Prior1YearDuration_NonControllingInterestsMember,前期,連結,期間,JPY,円,1119000000
jppfs_cor:NetChangesOfItemsOtherThanShareholdersEquity,株主資本以外の項目の当期変動額（純額）,Prior1YearDuration,前期,連結,期間,JPY,円,2109000000
jppfs_cor:TotalChangesOfItemsDuringThePeriod,当期変動額合計,Prior1YearDuration_ValuationDifferenceOnAvailableForSaleSecuritiesMember,前期,連結,期間,JPY,円,189000000
jppfs_cor:TotalChangesOfItemsDuringThePeriod,当期変動額合計,Prior1YearDuration_DeferredGainsOrLossesOnHedgesMember,前期,連結,期間,JPY,円,-323000000
jppfs_cor:TotalChangesOfItemsDuringThePeriod,当期変動額合計,Prior1YearDuration_ForeignCurrencyTranslationAdjustmentMember,前期,連結,期間,JPY,円,1105000000
jppfs_cor:TotalChangesOfItemsDuringThePeriod,当期変動額合計,Prior1YearDuration_RemeasurementsOfDefinedBenefitPlansMember,前期,連結,期間,JPY,円,17000000
jppfs_cor:TotalChangesOfItemsDuringThePeriod,当期変動額合計,Prior1YearDuration_ValuationAndTranslationAdjustmentsMember,前期,連結,期間,JPY,円,990000000
jppfs_cor:TotalChangesOfItemsDuringThePeriod,当期変動額合計,Prior1YearDuration_NonControllingInterestsMember,前期,連結,期間,JPY,円,1119000000
jppfs_cor:TotalChangesOfItemsDuringThePeriod,当期変動額合計,Prior1YearDuration,前期,連結,期間,JPY,円,28484000000
jppfs_cor:NetAssets,純資産,Prior1YearInstant_ValuationDifferenceOnAvailableForSaleSecuritiesMember,前期末,連結,時点,JPY,円,212000000
jppfs_cor:NetAssets,純資産,Prior1YearInstant_DeferredGainsOrLossesOnHedgesMember,前期末,連結,時点,JPY,円,-37000000
jppfs_cor:NetAssets,純資産,Prior1YearInstant_ForeignCurrencyTranslationAdjustmentMember,前期末,連結,時点,JPY,円,1978000000
jppfs_cor:NetAssets,純資産,Prior1YearInstant_RemeasurementsOfDefinedBenefitPlansMember,前期末,連結,時点,JPY,円,-395000000
jppfs_cor:NetAssets,純資産,Prior1YearInstant_ValuationAndTranslationAdjustmentsMember,前期末,連結,時点,JPY,円,1757000000
jppfs_cor:NetAssets,純資産,Prior1YearInstant_NonControllingInterestsMember,前期末,連結,時点,JPY,円,7309000000
jppfs_cor:NetAssets,純資産,Prior1YearInstant,前期末,連結,時点,JPY,円,304774000000
jppfs_cor:NetAssets,純資産,Prior1YearInstant_CapitalStockMember,前期末,連結,時点,JPY,円,16500000000
jppfs_cor:NetAssets,純資産,Prior1YearInstant_CapitalSurplusMember,前期末,連結,時点,JPY,円,13500000000
jppfs_cor:NetAssets,純資産,Prior1YearInstant_RetainedEarningsMember,前期末,連結,時点,JPY,円,265707000000
jppfs_cor:NetAssets,純資産,Prior1YearInstant_ShareholdersEquityMember,前期末,連結,時点,JPY,円,295707000000
jppfs_cor:NetAssets,純資産,Prior1YearInstant_ValuationDifferenceOnAvailableForSaleSecuritiesMember,前期末,連結,時点,JPY,円,212000000
jppfs_cor:NetAssets,純資産,Prior1YearInstant_DeferredGainsOrLossesOnHedgesMember,前期末,連結,時点,JPY,円,-37000000
jppfs_cor:NetAssets,純資産,Prior1YearInstant_ForeignCurrencyTranslationAdjustmentMember,前期末,連結,時点,JPY,円,1978000000
jppfs_cor:NetAssets,純資産,Prior1YearInstant_RemeasurementsOfDefinedBenefitPlansMember,前期末,連結,時点,JPY,円,-395000000
jppfs_cor:NetAssets,純資産,Prior1YearInstant_ValuationAndTranslationAdjustmentsMember,前期末,連結,時点,JPY,円,1757000000
jppfs_cor:NetAssets,純資産,Prior1YearInstant_NonControllingInterestsMember,前期末,連結,時点,JPY,円,7309000000
jppfs_cor:NetAssets,純資産,Prior1YearInstant,前期末,連結,時点,JPY,円,304774000000
jppfs_cor:IncomeBeforeIncomeTaxes,税引前当期純利益又は税引前当期純損失（△）,Prior1YearDuration,前期,連結,期間,JPY,円,47112000000
jppfs_cor:DepreciationOfLeasedAndOwnUsedAssetsOpeCFLEA,賃貸資産及び社用資産減価償却費、営業活動によるキャッシュ・フロー、リース事業,Prior1YearDuration,前期,連結,期間,JPY,円,11569000000
jppfs_cor:IncreaseDecreaseInAllowanceForDoubtfulAccountsOpeCF,貸倒引当金の増減額（△は減少）、営業活動によるキャッシュ・フロー,Prior1YearDuration,前期,連結,期間,JPY,円,-1680000000
jppfs_cor:IncreaseDecreaseInProvisionForBonusesOpeCF,賞与引当金の増減額（△は減少）、営業活動によるキャッシュ・フロー,Prior1YearDuration,前期,連結,期間,JPY,円,-23000000
jppfs_cor:IncreaseDecreaseInProvisionForDirectorsBonusesOpeCF,役員賞与引当金の増減額（△は減少）、営業活動によるキャッシュ・フロー,Prior1YearDuration,前期,連結,期間,JPY,円,12000000
jppfs_cor:IncreaseDecreaseInProvisionForPointCardCertificatesOpeCF,ポイント引当金の増減額（△は減少）、営業活動によるキャッシュ・フロー,Prior1YearDuration,前期,連結,期間,JPY,円,-3264000000
jppfs_cor:IncreaseDecreaseInProvisionForLossOnGuaranteesOpeCF,債務保証損失引当金の増減額（△は減少）、営業活動によるキャッシュ・フロー,Prior1YearDuration,前期,連結,期間,JPY,円,-2483000000
jppfs_cor:IncreaseDecreaseInProvisionForDirectorsRetirementBenefitsOpeCF,役員退職慰労引当金の増減額（△は減少）、営業活動によるキャッシュ・フロー,Prior1YearDuration,前期,連結,期間,JPY,円,15000000
jpcrp030000-asr_E05031-000:IncreaseDecreaseInProvisionForAutomobileMaintenanceCostsOpeCF,,Prior1YearDuration,前期,その他,期間,JPY,円,76000000
jppfs_cor:IncreaseDecreaseInNetDefinedBenefitLiabilityOpeCF,退職給付に係る負債の増減額（△は減少）、営業活動によるキャッシュ・フロー,Prior1YearDuration,前期,連結,期間,JPY,円,29000000
jpcrp030000-asr_E05031-000:FinancingRevenueOpeCF,,Prior1YearDuration,前期,その他,期間,JPY,円,-3406000000
jppfs_cor:InterestAndDividendsIncomeOpeCF,受取利息及び受取配当金、営業活動によるキャッシュ・フロー,Prior1YearDuration,前期,連結,期間,JPY,円,-422000000
jpcrp030000-asr_E05031-000:FinancialExpensesOpeCF,,Prior1YearDuration,前期,その他,期間,JPY,円,6258000000
jppfs_cor:LossGainOnDisposalOfLeasedAssetsOpeCFLEA,賃貸資産処分損益（△は益）、営業活動によるキャッシュ・フロー、リース事業,Prior1YearDuration,前期,連結,期間,JPY,円,-46000000
jppfs_cor:PurchaseOfLeasedAssetsOpeCFLEA,賃貸資産の取得による支出、営業活動によるキャッシュ・フロー、リース事業,Prior1YearDuration,前期,連結,期間,JPY,円,-12179000000
jppfs_cor:ProceedsFromSalesOfAssetsForRentOpeCF,賃貸資産の売却による収入、営業活動によるキャッシュ・フロー,Prior1YearDuration,前期,連結,期間,JPY,円,858000000
jppfs_cor:DecreaseIncreaseInOperatingLoansOpeCFSPF,営業貸付金の増減額（△は増加）、営業活動によるキャッシュ・フロー、特定金融業,Prior1YearDuration,前期,連結,期間,JPY,円,51679000000
jppfs_cor:NetDecreaseIncreaseInLeaseReceivablesAndInvestmentAssetsOpeCF,リース債権及びリース投資資産の増減額（△は増加）、営業活動によるキャッシュ・フロー,Prior1YearDuration,前期,連結,期間,JPY,円,-5548000000
jppfs_cor:DecreaseIncreaseInAccountsReceivableInstallmentOpeCF,割賦売掛金の増減額（△は増加）、営業活動によるキャッシュ・フロー,Prior1YearDuration,前期,連結,期間,JPY,円,-517587000000
jppfs_cor:IncreaseDecreaseInOperatingDebtOpeCF,営業債務の増減額（△は減少）、営業活動によるキャッシュ・フロー,Prior1YearDuration,前期,連結,期間,JPY,円,39995000000
jpcrp030000-asr_E05031-000:ProceedsFromFinancingRevenueOpeCF,,Prior1YearDuration,前期,その他,期間,JPY,円,3375000000
jpcrp030000-asr_E05031-000:PaymentsForFinancialExpensesOpeCF,,Prior1YearDuration,前期,その他,期間,JPY,円,-5449000000
jppfs_cor:OtherNetOpeCF,その他、営業活動によるキャッシュ・フロー,Prior1YearDuration,前期,連結,期間,JPY,円,-18840000000
jppfs_cor:SubtotalOpeCF,小計、営業活動によるキャッシュ・フロー,Prior1YearDuration,前期,連結,期間,JPY,円,-409951000000
jppfs_cor:InterestAndDividendsIncomeReceivedOpeCFInvCF,利息及び配当金の受取額、営業活動によるキャッシュ・フロー又は投資活動によるキャッシュ・フロー,Prior1YearDuration,前期,連結,期間,JPY,円,422000000
jppfs_cor:IncomeTaxesPaidOpeCF,法人税等の支払額、営業活動によるキャッシュ・フロー,Prior1YearDuration,前期,連結,期間,JPY,円,-16119000000
jppfs_cor:NetCashProvidedByUsedInOperatingActivities,営業活動によるキャッシュ・フロー,Prior1YearDuration,前期,連結,期間,JPY,円,-425648000000
jppfs_cor:PurchaseOfOwnUsedAssetsInvCF,社用資産の取得による支出、投資活動によるキャッシュ・フロー,Prior1YearDuration,前期,連結,期間,JPY,円,-8794000000
jppfs_cor:OtherNetInvCF,その他、投資活動によるキャッシュ・フロー,Prior1YearDuration,前期,連結,期間,JPY,円,-565000000
jppfs_cor:NetCashProvidedByUsedInInvestmentActivities,投資活動によるキャッシュ・フロー,Prior1YearDuration,前期,連結,期間,JPY,円,-9360000000
jppfs_cor:NetIncreaseDecreaseInShortTermLoansPayableFinCF,短期借入金の純増減額（△は減少）、財務活動によるキャッシュ・フロー,Prior1YearDuration,前期,連結,期間,JPY,円,106870000000
jppfs_cor:ProceedsFromLongTermLoansPayableFinCF,長期借入れによる収入、財務活動によるキャッシュ・フロー,Prior1YearDuration,前期,連結,期間,JPY,円,459300000000
jppfs_cor:RepaymentOfLongTermLoansPayableFinCF,長期借入金の返済による支出、財務活動によるキャッシュ・フロー,Prior1YearDuration,前期,連結,期間,JPY,円,-115757000000
jppfs_cor:ProceedsFromIssuanceOfBondsFinCF,社債の発行による収入、財務活動によるキャッシュ・フロー,Prior1YearDuration,前期,連結,期間,JPY,円,169728000000
jppfs_cor:RedemptionOfBondsFinCF,社債の償還による支出、財務活動によるキャッシュ・フロー,Prior1YearDuration,前期,連結,期間,JPY,円,-121000000000
jpcrp030000-asr_E05031-000:ProceedsFromLongTermLoansPayableForReceivableSecuritizationFinCF,,Prior1YearDuration,前期,その他,期間,JPY,円,59625000000
jpcrp030000-asr_E05031-000:RepaymentsOfLongTermLoansPayableForReceivableSecuritizationFinCF,,Prior1YearDuration,前期,その他,期間,JPY,円,-5233000000
jppfs_cor:CashDividendsPaidFinCF,配当金の支払額、財務活動によるキャッシュ・フロー,Prior1YearDuration,前期,連結,期間,JPY,円,-6731000000
jppfs_cor:OtherNetFinCF,その他、財務活動によるキャッシュ・フロー,Prior1YearDuration,前期,連結,期間,JPY,円,-110000000
jppfs_cor:NetCashProvidedByUsedInFinancingActivities,財務活動によるキャッシュ・フロー,Prior1YearDuration,前期,連結,期間,JPY,円,546690000000
jppfs_cor:EffectOfExchangeRateChangeOnCashAndCashEquivalents,現金及び現金同等物に係る換算差額,Prior1YearDuration,前期,連結,期間,JPY,円,739000000
jppfs_cor:NetIncreaseDecreaseInCashAndCashEquivalents,現金及び現金同等物の増減額（△は減少）,Prior1YearDuration,前期,連結,期間,JPY,円,112420000000
jppfs_cor:CashAndCashEquivalents,現金及び現金同等物の残高,Prior2YearInstant,前々期末,連結,時点,JPY,円,256580000000
jppfs_cor:CashAndCashEquivalents,現金及び現金同等物の残高,Prior1YearInstant,前期末,連結,時点,JPY,円,369001000000
jppfs_cor:CashAndCashEquivalents,現金及び現金同等物の残高,Prior1YearInstant,前期末,連結,時点,JPY,円,369001000000
jppfs_cor:AccumulatedDepreciationPPEByGroup,減価償却累計額、有形固定資産、一括控除,Prior1YearInstant,前期末,連結,時点,JPY,円,-14110000000
jppfs_cor:CashAndDeposits,現金及び預金,Prior1YearInstant_NonConsolidatedMember,前期末,個別,時点,JPY,円,364105000000
jppfs_cor:AccountsReceivableOperatingLoansCASPF,営業貸付金、流動資産、特定金融業,Prior1YearInstant_NonConsolidatedMember,前期末,個別,時点,JPY,円,992275000000
jppfs_cor:AccountsReceivableInstallment,割賦売掛金,Prior1YearInstant_NonConsolidatedMember,前期末,個別,時点,JPY,円,1263062000000
jppfs_cor:LeaseReceivablesCA,リース債権、流動資産,Prior1YearInstant_NonConsolidatedMember,前期末,個別,時点,JPY,円,138000000
jppfs_cor:LeaseInvestmentAssetsCA,リース投資資産、流動資産,Prior1YearInstant_NonConsolidatedMember,前期末,個別,時点,JPY,円,10517000000
jppfs_cor:Supplies,貯蔵品,Prior1YearInstant_NonConsolidatedMember,前期末,個別,時点,JPY,円,838000000
jppfs_cor:PrepaidExpenses,前払費用,Prior1YearInstant_NonConsolidatedMember,前期末,個別,時点,JPY,円,1804000000
jppfs_cor:OtherCA,その他、流動資産,Prior1YearInstant_NonConsolidatedMember,前期末,個別,時点,JPY,円,106853000000
jppfs_cor:AllowanceForDoubtfulAccountsCA,貸倒引当金、流動資産、一括控除,Prior1YearInstant_NonConsolidatedMember,前期末,個別,時点,JPY,円,-13237000000
jppfs_cor:CurrentAssets,流動資産,Prior1YearInstant_NonConsolidatedMember,前期末,個別,時点,JPY,円,2726359000000
jppfs_cor:BuildingsNet,建物（純額）,Prior1YearInstant_NonConsolidatedMember,前期末,個別,時点,JPY,円,704000000
jppfs_cor:VehiclesNet,車両運搬具（純額）,Prior1YearInstant_NonConsolidatedMember,前期末,個別,時点,JPY,円,33000000
jppfs_cor:ToolsFurnitureAndFixturesNet,工具、器具及び備品（純額）,Prior1YearInstant_NonConsolidatedMember,前期末,個別,時点,JPY,円,444000000
jpcrp030000-asr_E05031-000:PropertyForLeaseNetPPELEA,,Prior1YearInstant_NonConsolidatedMember,前期末,その他,時点,JPY,円,3196000000
jppfs_cor:PropertyPlantAndEquipment,有形固定資産,Prior1YearInstant_NonConsolidatedMember,前期末,個別,時点,JPY,円,4378000000
jppfs_cor:Software,ソフトウエア,Prior1YearInstant_NonConsolidatedMember,前期末,個別,時点,JPY,円,18490000000
jppfs_cor:IntangibleAssets,無形固定資産,Prior1YearInstant_NonConsolidatedMember,前期末,個別,時点,JPY,円,18490000000
jppfs_cor:InvestmentSecurities,投資有価証券,Prior1YearInstant_NonConsolidatedMember,前期末,個別,時点,JPY,円,825000000
jppfs_cor:StocksOfSubsidiariesAndAffiliates,関係会社株式,Prior1YearInstant_NonConsolidatedMember,前期末,個別,時点,JPY,円,14220000000
jppfs_cor:InvestmentsInCapital,出資金,Prior1YearInstant_NonConsolidatedMember,前期末,個別,時点,JPY,円,961000000
jppfs_cor:InvestmentsInCapitalOfSubsidiariesAndAffiliates,関係会社出資金,Prior1YearInstant_NonConsolidatedMember,前期末,個別,時点,JPY,円,2531000000
jppfs_cor:LongTermLoansReceivableFromEmployees,従業員に対する長期貸付金,Prior1YearInstant_NonConsolidatedMember,前期末,個別,時点,JPY,円,131000000
jppfs_cor:LongTermPrepaidExpenses,長期前払費用,Prior1YearInstant_NonConsolidatedMember,前期末,個別,時点,JPY,円,1988000000
jppfs_cor:DeferredTaxAssets,繰延税金資産,Prior1YearInstant_NonConsolidatedMember,前期末,個別,時点,JPY,円,31323000000
jppfs_cor:OtherIOA,その他、投資その他の資産,Prior1YearInstant_NonConsolidatedMember,前期末,個別,時点,JPY,円,3921000000
jppfs_cor:InvestmentsAndOtherAssets,投資その他の資産,Prior1YearInstant_NonConsolidatedMember,前期末,個別,時点,JPY,円,55903000000
jppfs_cor:NoncurrentAssets,固定資産,Prior1YearInstant_NonConsolidatedMember,前期末,個別,時点,JPY,円,78772000000
jppfs_cor:BondIssuanceCostDA,社債発行費、繰延資産,Prior1YearInstant_NonConsolidatedMember,前期末,個別,時点,JPY,円,313000000
jppfs_cor:DeferredAssets,繰延資産,Prior1YearInstant_NonConsolidatedMember,前期末,個別,時点,JPY,円,313000000
jppfs_cor:Assets,資産,Prior1YearInstant_NonConsolidatedMember,前期末,個別,時点,JPY,円,2805445000000
jppfs_cor:AccountsPayableTrade,買掛金,Prior1YearInstant_NonConsolidatedMember,前期末,個別,時点,JPY,円,274495000000
jppfs_cor:ShortTermLoansPayable,短期借入金,Prior1YearInstant_NonConsolidatedMember,前期末,個別,時点,JPY,円,326300000000
jppfs_cor:CurrentPortionOfLongTermLoansPayable,１年内返済予定の長期借入金,Prior1YearInstant_NonConsolidatedMember,前期末,個別,時点,JPY,円,99000000000
jpcrp030000-asr_E05031-000:CurrentPortionOfLongTermLoansPayableUnderCreditFluidityCL,,Prior1YearInstant_NonConsolidatedMember,前期末,その他,時点,JPY,円,12063000000
jppfs_cor:CurrentPortionOfBonds,１年内償還予定の社債,Prior1YearInstant_NonConsolidatedMember,前期末,個別,時点,JPY,円,150000000000
jppfs_cor:LeaseObligationsCL,リース債務、流動負債,Prior1YearInstant_NonConsolidatedMember,前期末,個別,時点,JPY,円,105000000
jppfs_cor:AccountsPayableOther,未払金,Prior1YearInstant_NonConsolidatedMember,前期末,個別,時点,JPY,円,18584000000
jppfs_cor:AccruedExpenses,未払費用,Prior1YearInstant_NonConsolidatedMember,前期末,個別,時点,JPY,円,2160000000
jppfs_cor:IncomeTaxesPayable,未払法人税等,Prior1YearInstant_NonConsolidatedMember,前期末,個別,時点,JPY,円,5743000000
jppfs_cor:AdvancesReceived,前受金,Prior1YearInstant_NonConsolidatedMember,前期末,個別,時点,JPY,円,4576000000
jppfs_cor:DepositsReceived,預り金,Prior1YearInstant_NonConsolidatedMember,前期末,個別,時点,JPY,円,44961000000
jppfs_cor:UnearnedRevenue,前受収益,Prior1YearInstant_NonConsolidatedMember,前期末,個別,時点,JPY,円,888000000
jppfs_cor:ProvisionForBonuses,賞与引当金,Prior1YearInstant_NonConsolidatedMember,前期末,個別,時点,JPY,円,2330000000
jppfs_cor:ProvisionForDirectorsBonuses,役員賞与引当金,Prior1YearInstant_NonConsolidatedMember,前期末,個別,時点,JPY,円,93000000
jppfs_cor:ProvisionForPointCardCertificatesCL,ポイント引当金、流動負債,Prior1YearInstant_NonConsolidatedMember,前期末,個別,時点,JPY,円,20908000000
jppfs_cor:ProvisionForLossOnGuaranteesCL,債務保証損失引当金、流動負債,Prior1YearInstant_NonConsolidatedMember,前期末,個別,時点,JPY,円,8575000000
jppfs_cor:OtherCL,その他、流動負債,Prior1YearInstant_NonConsolidatedMember,前期末,個別,時点,JPY,円,381000000
jppfs_cor:CurrentLiabilities,流動負債,Prior1YearInstant_NonConsolidatedMember,前期末,個別,時点,JPY,円,971170000000
jppfs_cor:BondsPayable,社債,Prior1YearInstant_NonConsolidatedMember,前期末,個別,時点,JPY,円,425000000000
jppfs_cor:LongTermLoansPayable,長期借入金,Prior1YearInstant_NonConsolidatedMember,前期末,個別,時点,JPY,円,1044800000000
jpcrp030000-asr_E05031-000:CurrentPortionOfLongTermLoansPayableUnderCreditFluidityNCL,,Prior1YearInstant_NonConsolidatedMember,前期末,その他,時点,JPY,円,59661000000
jppfs_cor:LeaseObligationsNCL,リース債務、固定負債,Prior1YearInstant_NonConsolidatedMember,前期末,個別,時点,JPY,円,133000000
jppfs_cor:ProvisionForRetirementBenefits,退職給付引当金,Prior1YearInstant_NonConsolidatedMember,前期末,個別,時点,JPY,円,8942000000
jppfs_cor:ProvisionForDirectorsRetirementBenefits,役員退職慰労引当金,Prior1YearInstant_NonConsolidatedMember,前期末,個別,時点,JPY,円,123000000
jppfs_cor:AssetRetirementObligationsNCL,資産除去債務、固定負債,Prior1YearInstant_NonConsolidatedMember,前期末,個別,時点,JPY,円,522000000
jppfs_cor:OtherNCL,その他、固定負債,Prior1YearInstant_NonConsolidatedMember,前期末,個別,時点,JPY,円,6824000000
jppfs_cor:NoncurrentLiabilities,固定負債,Prior1YearInstant_NonConsolidatedMember,前期末,個別,時点,JPY,円,1546007000000
jppfs_cor:Liabilities,負債,Prior1YearInstant_NonConsolidatedMember,前期末,個別,時点,JPY,円,2517177000000
jppfs_cor:CapitalStock,資本金,Prior1YearInstant_NonConsolidatedMember,前期末,個別,時点,JPY,円,16500000000
jppfs_cor:LegalCapitalSurplus,資本準備金,Prior1YearInstant_NonConsolidatedMember,前期末,個別,時点,JPY,円,13500000000
jppfs_cor:CapitalSurplus,資本剰余金,Prior1YearInstant_NonConsolidatedMember,前期末,個別,時点,JPY,円,13500000000
jppfs_cor:LegalRetainedEarnings,利益準備金,Prior1YearInstant_NonConsolidatedMember,前期末,個別,時点,JPY,円,750000000
jppfs_cor:GeneralReserve,別途積立金,Prior1YearInstant_NonConsolidatedMember,前期末,個別,時点,JPY,円,227145000000
jppfs_cor:RetainedEarningsBroughtForward,繰越利益剰余金,Prior1YearInstant_NonConsolidatedMember,前期末,個別,時点,JPY,円,30198000000
jppfs_cor:RetainedEarnings,利益剰余金,Prior1YearInstant_NonConsolidatedMember,前期末,個別,時点,JPY,円,258093000000
jppfs_cor:ShareholdersEquity,株主資本,Prior1YearInstant_NonConsolidatedMember,前期末,個別,時点,JPY,円,288093000000
jppfs_cor:ValuationDifferenceOnAvailableForSaleSecurities,その他有価証券評価差額金,Prior1YearInstant_NonConsolidatedMember,前期末,個別,時点,JPY,円,212000000
jppfs_cor:DeferredGainsOrLossesOnHedges,繰延ヘッジ損益,Prior1YearInstant_NonConsolidatedMember,前期末,個別,時点,JPY,円,-37000000
jppfs_cor:ValuationAndTranslationAdjustments,評価・換算差額等,Prior1YearInstant_NonConsolidatedMember,前期末,個別,時点,JPY,円,174000000
jppfs_cor:NetAssets,純資産,Prior1YearInstant_NonConsolidatedMember,前期末,個別,時点,JPY,円,288267000000
jppfs_cor:LiabilitiesAndNetAssets,負債純資産,Prior1YearInstant_NonConsolidatedMember,前期末,個別,時点,JPY,円,2805445000000
jppfs_cor:FinancingRevenueRevOA,融資収益、営業活動による収益,Prior1YearDuration_NonConsolidatedMember,前期,個別,期間,JPY,円,4206000000
jppfs_cor:PerItemRevenueRevOA,個別信用購入あっせん収益、営業活動による収益,Prior1YearDuration_NonConsolidatedMember,前期,個別,期間,JPY,円,9155000000
jppfs_cor:RevenueFromCreditGuaranteeRevOA,信用保証収益、営業活動による収益,Prior1YearDuration_NonConsolidatedMember,前期,個別,期間,JPY,円,57922000000
jppfs_cor:CreditCardRevenueRevOA,包括信用購入あっせん収益、営業活動による収益,Prior1YearDuration_NonConsolidatedMember,前期,個別,期間,JPY,円,64479000000
jppfs_cor:LeaseRevenueRevOA,リース収益、営業活動による収益,Prior1YearDuration_NonConsolidatedMember,前期,個別,期間,JPY,円,18914000000
jppfs_cor:OtherRevOA,その他、営業活動による収益,Prior1YearDuration_NonConsolidatedMember,前期,個別,期間,JPY,円,33023000000
jppfs_cor:OperatingRevenueSPF,営業収益、特定金融業,Prior1YearDuration_NonConsolidatedMember,前期,個別,期間,JPY,円,187702000000
jppfs_cor:CommissionFeeOESPF,支払手数料、営業費用、特定金融業,Prior1YearDuration_NonConsolidatedMember,前期,個別,期間,JPY,円,24576000000
jppfs_cor:SalariesAndAllowancesSGA,給料及び手当、販売費及び一般管理費,Prior1YearDuration_NonConsolidatedMember,前期,個別,期間,JPY,円,8692000000
jppfs_cor:ProvisionForBonusesSGA,賞与引当金繰入額、販売費及び一般管理費,Prior1YearDuration_NonConsolidatedMember,前期,個別,期間,JPY,円,2330000000
jppfs_cor:RetirementBenefitExpensesSGA,退職給付費用、販売費及び一般管理費,Prior1YearDuration_NonConsolidatedMember,前期,個別,期間,JPY,円,1107000000
jpcrp030000-asr_E05031-000:ComputerExpensesOE,,Prior1YearDuration_NonConsolidatedMember,前期,その他,期間,JPY,円,23040000000
jppfs_cor:ProvisionOfAllowanceForDoubtfulAccountsSGA,貸倒引当金繰入額、販売費及び一般管理費,Prior1YearDuration_NonConsolidatedMember,前期,個別,期間,JPY,円,10355000000
jppfs_cor:ProvisionForPointCardCertificatesSGA,ポイント引当金繰入額、販売費及び一般管理費,Prior1YearDuration_NonConsolidatedMember,前期,個別,期間,JPY,円,22522000000
jppfs_cor:DepreciationSGA,減価償却費、販売費及び一般管理費,Prior1YearDuration_NonConsolidatedMember,前期,個別,期間,JPY,円,297000000
jppfs_cor:OfficeCostSGA,事務費、販売費及び一般管理費,Prior1YearDuration_NonConsolidatedMember,前期,個別,期間,JPY,円,6844000000
jppfs_cor:OtherSGA,その他、販売費及び一般管理費,Prior1YearDuration_NonConsolidatedMember,前期,個別,期間,JPY,円,29405000000
jppfs_cor:SellingGeneralAndAdministrativeExpenses,販売費及び一般管理費,Prior1YearDuration_NonConsolidatedMember,前期,個別,期間,JPY,円,129172000000
jppfs_cor:InterestExpensesOESPF,支払利息、営業費用、特定金融業,Prior1YearDuration_NonConsolidatedMember,前期,個別,期間,JPY,円,1746000000
jppfs_cor:InterestOnBondsOESPF,社債利息、営業費用、特定金融業,Prior1YearDuration_NonConsolidatedMember,前期,個別,期間,JPY,円,781000000
jppfs_cor:AmortizationOfBondIssuanceCostOESPF,社債発行費償却、営業費用、特定金融業,Prior1YearDuration_NonConsolidatedMember,前期,個別,期間,JPY,円,66000000
jppfs_cor:OtherFinancialExpensesSPF,その他、金融費用、特定金融業,Prior1YearDuration_NonConsolidatedMember,前期,個別,期間,JPY,円,306000000
jppfs_cor:FinancialExpenses,金融費用,Prior1YearDuration_NonConsolidatedMember,前期,個別,期間,JPY,円,2901000000
jppfs_cor:LeaseCostCOSLEA,リース原価、売上原価、リース事業,Prior1YearDuration_NonConsolidatedMember,前期,個別,期間,JPY,円,17766000000
jppfs_cor:OperatingExpensesSPF,営業費用、特定金融業,Prior1YearDuration_NonConsolidatedMember,前期,個別,期間,JPY,円,149840000000
jppfs_cor:OperatingIncome,営業利益又は営業損失（△）,Prior1YearDuration_NonConsolidatedMember,前期,個別,期間,JPY,円,37862000000
jppfs_cor:InterestIncomeNOI,受取利息、営業外収益,Prior1YearDuration_NonConsolidatedMember,前期,個別,期間,JPY,円,407000000
jppfs_cor:DividendsIncomeNOI,受取配当金、営業外収益,Prior1YearDuration_NonConsolidatedMember,前期,個別,期間,JPY,円,15000000
jppfs_cor:GainOnBadDebtsRecoveredNOI,償却債権取立益、営業外収益,Prior1YearDuration_NonConsolidatedMember,前期,個別,期間,JPY,円,3148000000
jpcrp030000-asr_E05031-000:RecoveriesOfCollectionExpensesNOI,,Prior1YearDuration_NonConsolidatedMember,前期,その他,期間,JPY,円,587000000
jppfs_cor:ForeignExchangeGainsNOI,為替差益、営業外収益,Prior1YearDuration_NonConsolidatedMember,前期,個別,期間,JPY,円,269000000
jppfs_cor:MiscellaneousIncomeNOI,雑収入、営業外収益,Prior1YearDuration_NonConsolidatedMember,前期,個別,期間,JPY,円,130000000
jppfs_cor:NonOperatingIncome,営業外収益,Prior1YearDuration_NonConsolidatedMember,前期,個別,期間,JPY,円,4560000000
jppfs_cor:ForeignExchangeLossesNOE,為替差損、営業外費用,Prior1YearDuration_NonConsolidatedMember,前期,個別,期間,JPY,円,－
jppfs_cor:LossOnRetirementOfNoncurrentAssetsNOE,固定資産除却損、営業外費用,Prior1YearDuration_NonConsolidatedMember,前期,個別,期間,JPY,円,99000000
jppfs_cor:MiscellaneousLossNOE,雑損失、営業外費用,Prior1YearDuration_NonConsolidatedMember,前期,個別,期間,JPY,円,20000000
jppfs_cor:NonOperatingExpenses,営業外費用,Prior1YearDuration_NonConsolidatedMember,前期,個別,期間,JPY,円,119000000
jppfs_cor:OrdinaryIncome,経常利益又は経常損失（△）,Prior1YearDuration_NonConsolidatedMember,前期,個別,期間,JPY,円,42302000000
jppfs_cor:GainOnSalesOfInvestmentSecuritiesEI,投資有価証券売却益、特別利益,Prior1YearDuration_NonConsolidatedMember,前期,個別,期間,JPY,円,37000000
jppfs_cor:ExtraordinaryIncome,特別利益,Prior1YearDuration_NonConsolidatedMember,前期,個別,期間,JPY,円,37000000
jppfs_cor:IncomeBeforeIncomeTaxes,税引前当期純利益又は税引前当期純損失（△）,Prior1YearDuration_NonConsolidatedMember,前期,個別,期間,JPY,円,42340000000
jppfs_cor:IncomeTaxesCurrent,法人税、住民税及び事業税,Prior1YearDuration_NonConsolidatedMember,前期,個別,期間,JPY,円,12497000000
jppfs_cor:IncomeTaxesDeferred,法人税等調整額,Prior1YearDuration_NonConsolidatedMember,前期,個別,期間,JPY,円,419000000
jppfs_cor:IncomeTaxes,法人税等,Prior1YearDuration_NonConsolidatedMember,前期,個別,期間,JPY,円,12916000000
jppfs_cor:ProfitLoss,当期純利益又は当期純損失（△）（平成26年3月28日財規等改正後）,Prior1YearDuration_NonConsolidatedMember,前期,個別,期間,JPY,円,29423000000
jppfs_cor:NetAssets,純資産,Prior2YearInstant_NonConsolidatedMember_CapitalStockMember,前々期末,個別,時点,JPY,円,16500000000
jppfs_cor:NetAssets,純資産,Prior2YearInstant_NonConsolidatedMember_LegalCapitalSurplusMember,前々期末,個別,時点,JPY,円,13500000000
jppfs_cor:NetAssets,純資産,Prior2YearInstant_NonConsolidatedMember_CapitalSurplusMember,前々期末,個別,時点,JPY,円,13500000000
jppfs_cor:NetAssets,純資産,Prior2YearInstant_NonConsolidatedMember_LegalRetainedEarningsMember,前々期末,個別,時点,JPY,円,750000000
jppfs_cor:NetAssets,純資産,Prior2YearInstant_NonConsolidatedMember_GeneralReserveMember,前々期末,個別,時点,JPY,円,202145000000
jppfs_cor:NetAssets,純資産,Prior2YearInstant_NonConsolidatedMember_RetainedEarningsBroughtForwardMember,前々期末,個別,時点,JPY,円,32505000000
jppfs_cor:DividendsFromSurplus,剰余金の配当,Prior1YearDuration_NonConsolidatedMember_RetainedEarningsBroughtForwardMember,前期,個別,期間,JPY,円,-6731000000
jppfs_cor:ProfitLoss,当期純利益又は当期純損失（△）（平成26年3月28日財規等改正後）,Prior1YearDuration_NonConsolidatedMember_RetainedEarningsBroughtForwardMember,前期,個別,期間,JPY,円,29423000000
jppfs_cor:ProvisionOfGeneralReserve,別途積立金の積立,Prior1YearDuration_NonConsolidatedMember_GeneralReserveMember,前期,個別,期間,JPY,円,25000000000
jppfs_cor:ProvisionOfGeneralReserve,別途積立金の積立,Prior1YearDuration_NonConsolidatedMember_RetainedEarningsBroughtForwardMember,前期,個別,期間,JPY,円,-25000000000
jppfs_cor:TotalChangesOfItemsDuringThePeriod,当期変動額合計,Prior1YearDuration_NonConsolidatedMember_CapitalStockMember,前期,個別,期間,JPY,円,－
jppfs_cor:TotalChangesOfItemsDuringThePeriod,当期変動額合計,Prior1YearDuration_NonConsolidatedMember_LegalCapitalSurplusMember,前期,個別,期間,JPY,円,－
jppfs_cor:TotalChangesOfItemsDuringThePeriod,当期変動額合計,Prior1YearDuration_NonConsolidatedMember_CapitalSurplusMember,前期,個別,期間,JPY,円,－
jppfs_cor:TotalChangesOfItemsDuringThePeriod,当期変動額合計,Prior1YearDuration_NonConsolidatedMember_LegalRetainedEarningsMember,前期,個別,期間,JPY,円,－
jppfs_cor:TotalChangesOfItemsDuringThePeriod,当期変動額合計,Prior1YearDuration_NonConsolidatedMember_GeneralReserveMember,前期,個別,期間,JPY,円,25000000000
jppfs_cor:TotalChangesOfItemsDuringThePeriod,当期変動額合計,Prior1YearDuration_NonConsolidatedMember_RetainedEarningsBroughtForwardMember,前期,個別,期間,JPY,円,-2307000000
jppfs_cor:NetAssets,純資産,Prior1YearInstant_NonConsolidatedMember_CapitalStockMember,前期末,個別,時点,JPY,円,16500000000
jppfs_cor:NetAssets,純資産,Prior1YearInstant_NonConsolidatedMember_LegalCapitalSurplusMember,前期末,個別,時点,JPY,円,13500000000
jppfs_cor:NetAssets,純資産,Prior1YearInstant_NonConsolidatedMember_CapitalSurplusMember,前期末,個別,時点,JPY,円,13500000000
jppfs_cor:NetAssets,純資産,Prior1YearInstant_NonConsolidatedMember_LegalRetainedEarningsMember,前期末,個別,時点,JPY,円,750000000
jppfs_cor:NetAssets,純資産,Prior1YearInstant_NonConsolidatedMember_GeneralReserveMember,前期末,個別,時点,JPY,円,227145000000
jppfs_cor:NetAssets,純資産,Prior1YearInstant_NonConsolidatedMember_RetainedEarningsBroughtForwardMember,前期末,個別,時点,JPY,円,30198000000
jppfs_cor:NetAssets,純資産,Prior2YearInstant_NonConsolidatedMember_RetainedEarningsMember,前々期末,個別,時点,JPY,円,235400000000
jppfs_cor:NetAssets,純資産,Prior2YearInstant_NonConsolidatedMember_ShareholdersEquityMember,前々期末,個別,時点,JPY,円,265400000000
jppfs_cor:NetAssets,純資産,Prior2YearInstant_NonConsolidatedMember_ValuationDifferenceOnAvailableForSaleSecuritiesMember,前々期末,個別,時点,JPY,円,22000000
jppfs_cor:NetAssets,純資産,Prior2YearInstant_NonConsolidatedMember_DeferredGainsOrLossesOnHedgesMember,前々期末,個別,時点,JPY,円,285000000
jppfs_cor:NetAssets,純資産,Prior2YearInstant_NonConsolidatedMember_ValuationAndTranslationAdjustmentsMember,前々期末,個別,時点,JPY,円,307000000
jppfs_cor:NetAssets,純資産,Prior2YearInstant_NonConsolidatedMember,前々期末,個別,時点,JPY,円,265708000000
jppfs_cor:DividendsFromSurplus,剰余金の配当,Prior1YearDuration_NonConsolidatedMember_RetainedEarningsMember,前期,個別,期間,JPY,円,-6731000000
jppfs_cor:DividendsFromSurplus,剰余金の配当,Prior1YearDuration_NonConsolidatedMember_ShareholdersEquityMember,前期,個別,期間,JPY,円,-6731000000
jppfs_cor:DividendsFromSurplus,剰余金の配当,Prior1YearDuration_NonConsolidatedMember,前期,個別,期間,JPY,円,-6731000000
jppfs_cor:ProfitLoss,当期純利益又は当期純損失（△）（平成26年3月28日財規等改正後）,Prior1YearDuration_NonConsolidatedMember_RetainedEarningsMember,前期,個別,期間,JPY,円,29423000000
jppfs_cor:ProfitLoss,当期純利益又は当期純損失（△）（平成26年3月28日財規等改正後）,Prior1YearDuration_NonConsolidatedMember_ShareholdersEquityMember,前期,個別,期間,JPY,円,29423000000
jppfs_cor:ProfitLoss,当期純利益又は当期純損失（△）（平成26年3月28日財規等改正後）,Prior1YearDuration_NonConsolidatedMember,前期,個別,期間,JPY,円,29423000000
jppfs_cor:ProvisionOfGeneralReserve,別途積立金の積立,Prior1YearDuration_NonConsolidatedMember_RetainedEarningsMember,前期,個別,期間,JPY,円,－
jppfs_cor:ProvisionOfGeneralReserve,別途積立金の積立,Prior1YearDuration_NonConsolidatedMember_ShareholdersEquityMember,前期,個別,期間,JPY,円,－
jppfs_cor:ProvisionOfGeneralReserve,別途積立金の積立,Prior1YearDuration_NonConsolidatedMember,前期,個別,期間,JPY,円,－
jppfs_cor:NetChangesOfItemsOtherThanShareholdersEquity,株主資本以外の項目の当期変動額（純額）,Prior1YearDuration_NonConsolidatedMember_ValuationDifferenceOnAvailableForSaleSecuritiesMember,前期,個別,期間,JPY,円,189000000
jppfs_cor:NetChangesOfItemsOtherThanShareholdersEquity,株主資本以外の項目の当期変動額（純額）,Prior1YearDuration_NonConsolidatedMember_DeferredGainsOrLossesOnHedgesMember,前期,個別,期間,JPY,円,-323000000
jppfs_cor:NetChangesOfItemsOtherThanShareholdersEquity,株主資本以外の項目の当期変動額（純額）,Prior1YearDuration_NonConsolidatedMember_ValuationAndTranslationAdjustmentsMember,前期,個別,期間,JPY,円,-133000000
jppfs_cor:NetChangesOfItemsOtherThanShareholdersEquity,株主資本以外の項目の当期変動額（純額）,Prior1YearDuration_NonConsolidatedMember,前期,個別,期間,JPY,円,-133000000
jppfs_cor:TotalChangesOfItemsDuringThePeriod,当期変動額合計,Prior1YearDuration_NonConsolidatedMember_RetainedEarningsMember,前期,個別,期間,JPY,円,22692000000
jppfs_cor:TotalChangesOfItemsDuringThePeriod,当期変動額合計,Prior1YearDuration_NonConsolidatedMember_ShareholdersEquityMember,前期,個別,期間,JPY,円,22692000000
jppfs_cor:TotalChangesOfItemsDuringThePeriod,当期変動額合計,Prior1YearDuration_NonConsolidatedMember_ValuationDifferenceOnAvailableForSaleSecuritiesMember,前期,個別,期間,JPY,円,189000000
jppfs_cor:TotalChangesOfItemsDuringThePeriod,当期変動額合計,Prior1YearDuration_NonConsolidatedMember_DeferredGainsOrLossesOnHedgesMember,前期,個別,期間,JPY,円,-323000000
jppfs_cor:TotalChangesOfItemsDuringThePeriod,当期変動額合計,Prior1YearDuration_NonConsolidatedMember_ValuationAndTranslationAdjustmentsMember,前期,個別,期間,JPY,円,-133000000
jppfs_cor:TotalChangesOfItemsDuringThePeriod,当期変動額合計,Prior1YearDuration_NonConsolidatedMember,前期,個別,期間,JPY,円,22558000000
jppfs_cor:NetAssets,純資産,Prior1YearInstant_NonConsolidatedMember_RetainedEarningsMember,前期末,個別,時点,JPY,円,258093000000
jppfs_cor:NetAssets,純資産,Prior1YearInstant_NonConsolidatedMember_ShareholdersEquityMember,前期末,個別,時点,JPY,円,288093000000
jppfs_cor:NetAssets,純資産,Prior1YearInstant_NonConsolidatedMember_ValuationDifferenceOnAvailableForSaleSecuritiesMember,前期末,個別,時点,JPY,円,212000000
jppfs_cor:NetAssets,純資産,Prior1YearInstant_NonConsolidatedMember_DeferredGainsOrLossesOnHedgesMember,前期末,個別,時点,JPY,円,-37000000
jppfs_cor:NetAssets,純資産,Prior1YearInstant_NonConsolidatedMember_ValuationAndTranslationAdjustmentsMember,前期末,個別,時点,JPY,円,174000000
jppfs_cor:NetAssets,純資産,Prior1YearInstant_NonConsolidatedMember,前期末,個別,時点,JPY,円,288267000000
jppfs_cor:NetAssets,純資産,Prior1YearInstant_NonConsolidatedMember_CapitalStockMember,前期末,個別,時点,JPY,円,16500000000
jppfs_cor:NetAssets,純資産,Prior1YearInstant_NonConsolidatedMember_LegalCapitalSurplusMember,前期末,個別,時点,JPY,円,13500000000
jppfs_cor:NetAssets,純資産,Prior1YearInstant_NonConsolidatedMember_CapitalSurplusMember,前期末,個別,時点,JPY,円,13500000000
jppfs_cor:NetAssets,純資産,Prior1YearInstant_NonConsolidatedMember_LegalRetainedEarningsMember,前期末,個別,時点,JPY,円,750000000
jppfs_cor:NetAssets,純資産,Prior1YearInstant_NonConsolidatedMember_GeneralReserveMember,前期末,個別,時点,JPY,円,227145000000
jppfs_cor:NetAssets,純資産,Prior1YearInstant_NonConsolidatedMember_RetainedEarningsBroughtForwardMember,前期末,個別,時点,JPY,円,30198000000
jppfs_cor:NetAssets,純資産,Prior1YearInstant_NonConsolidatedMember_RetainedEarningsMember,前期末,個別,時点,JPY,円,258093000000
jppfs_cor:NetAssets,純資産,Prior1YearInstant_NonConsolidatedMember_ShareholdersEquityMember,前期末,個別,時点,JPY,円,288093000000
jppfs_cor:NetAssets,純資産,Prior1YearInstant_NonConsolidatedMember_ValuationDifferenceOnAvailableForSaleSecuritiesMember,前期末,個別,時点,JPY,円,212000000
jppfs_cor:NetAssets,純資産,Prior1YearInstant_NonConsolidatedMember_DeferredGainsOrLossesOnHedgesMember,前期末,個別,時点,JPY,円,-37000000
jppfs_cor:NetAssets,純資産,Prior1YearInstant_NonConsolidatedMember_ValuationAndTranslationAdjustmentsMember,前期末,個別,時点,JPY,円,174000000
jppfs_cor:NetAssets,純資産,Prior1YearInstant_NonConsolidatedMember,前期末,個別,時点,JPY,円,288267000000
jpcrp_cor:NotesRegardingIssuedSharesAndTreasurySharesTextBlock,発行済株式及び自己株式に関する注記 [テキストブロック],Prior1YearDuration,前期,その他,期間,－,－,"1．発行済株式に関する事項株式の種類当連結会計年度期首増加減少当連結会計年度末普通株式(株)187,500                ―                ―187,500  2．自己株式に関する事項該当事項はありません。 "
jpcrp_cor:NotesRegardingNewShareSubscriptionRightsEtcTextBlock,新株予約権等に関する注記 [テキストブロック],Prior1YearDuration,前期,その他,期間,－,－,3．新株予約権等に関する事項該当事項はありません。 
jpcrp_cor:NotesRegardingDividendTextBlock,配当に関する注記 [テキストブロック],Prior1YearDuration,前期,その他,期間,－,－,"4．配当に関する事項　(1) 配当金支払額決議株式の種類配当金の総額 (百万円)1株当たり配当額 (円)基準日効力発生日2023年6月15日定時株主総会普通株式6,73135,9002023年3月31日2023年6月15日  　(2) 基準日が当連結会計年度に属する配当のうち、配当の効力発生日が翌連結会計年度となるもの決議株式の種類配当の原資配当金の総額（百万円）1株当たり配当額（円）基準日効力発生日2024年6月14日定時株主総会普通株式利益剰余金8,81247,0002024年3月31日2024年6月14日  "
jpcrp_cor:InformationForEachProductOrServiceTextBlock,製品及びサービスごとの情報 [テキストブロック],Prior1YearDuration,前期,その他,期間,－,－,"1．サービスごとの情報      （単位：百万円） 融資個別信用購入あっせん信用保証包括信用購入あっせんリースその他合計外部顧客への売上高3,40618,36157,92264,47993,18033,865271,217  "
jpcrp_cor:RevenuesFromExternalCustomersInformationForEachRegionTextBlock,売上高、地域ごとの情報 [テキストブロック],Prior1YearDuration,前期,その他,期間,－,－,(1) 売上高本邦の外部顧客への売上高が連結損益計算書の営業収益（売上高）の90％を超えるため、記載を省略しております。 
jpcrp_cor:PropertyPlantAndEquipmentInformationForEachRegionTextBlock,有形固定資産、地域ごとの情報 [テキストブロック],Prior1YearDuration,前期,その他,期間,－,－,(2) 有形固定資産本邦に所在している有形固定資産の金額が連結貸借対照表の有形固定資産の金額の90％を超えるため、記載を省略しております。 
jpcrp_cor:InformationForEachOfMainCustomersTextBlock,主要な顧客ごとの情報 [テキストブロック],Prior1YearDuration,前期,その他,期間,－,－,3．主要な顧客ごとの情報外部顧客への売上高のうち、連結損益計算書の営業収益(売上高)の10％以上を占める相手先がないため、記載はありません。 
